name,profit_per_item,COUNT_Sales,Revenue
The North Face Apex Bionic Soft Shell Jacket - Men's,511.09799799509346,12,6133.1759759411216
Nobis Yatesy Parka,568.09999756515026,9,5112.8999780863523
Bergama Natural Raccoon Hooded Stroller - - Multicolor,443.24408563665656,11,4875.6849420032222
The North Face Nuptse 2 Jacket - Noah Green/TNF Black,532.769998183474,9,4794.9299836512655
Canada Goose Men's Citadel Parka,407.83500021323562,11,4486.1850023455918
The North Face Apex Bionic Soft Shell Jacket - Men's,378.356999784708,11,4161.9269976317883
AIR JORDAN DOMINATE SHORTS MENS 465071-100,448.79099997645238,9,4039.1189997880715
Mens Nike AirJordan Varsity Hoodie Jacket Grey / Black 451582-066,493.94099854677921,8,3951.5279883742337
Canada Goose Women's Solaris,433.67999859154224,9,3903.11998732388
Diesel Men's Lisardo Jacket,422.9639989114367,9,3806.6759902029303
Nobis Men's Cartel Jacket,419.99999899417162,9,3779.9999909475446
The North Face Freedom Mens Ski Pants 2013,533.67299833148718,7,3735.7109883204103
Canada Goose Women's Mystique,396.75000077113509,9,3570.7500069402158
NIKE WOMEN'S PRO COMPRESSION SPORTS BRA *Outstanding Support and Comfort*,390.99900017492473,9,3518.9910015743226
Magaschoni Women's Shimmer Jacket,439.04199785739183,8,3512.3359828591347
Canada Goose Men's The Chateau Jacket,436.83999873697758,8,3494.7199898958206
Quiksilver Men's Rockefeller Walkshort,430.7309999596327,8,3445.8479996770616
Arc'teryx Men's Alpha SV Jacket,376.87500007450581,9,3391.8750006705523
The North Face Apex Bionic Mens Soft Shell Ski Jacket 2013,483.10499845258886,7,3381.734989168122
The North Face Nuptse 2 Jacket Deep Water Blue Mens,535.47899862751365,6,3212.8739917650819
ASCIS Cushion Low Socks (Pack of 3),529.15799843240529,6,3174.9479905944318
Diesel Men's Jimeneo Jacket,393.67200212180614,8,3149.3760169744492
Sandals Cay Men's Three-Button Cashmere Blend Sport Coat in Gray Navy or Tan,282.9943342938459,11,3112.9376772323048
Nike Jordan Retro 11 Bred Bootie Socks,345.84899782016873,9,3112.6409803815186
Alpha Industries Rip Stop Short,516.48300092294812,6,3098.8980055376887
Canada Goose Men's Lodge Down Hoody,269.09999884665012,11,2960.0999873131514
G-Star Men's Cl New Blazer,209.16000075638294,14,2928.2400105893612
Jordan Low Quarter Sock Style # 427411,365.71499855350703,8,2925.7199884280562
Joseph Abboud Men's Super 120's Two Button Side Vent Single Pleat Pant Tuxedo With Grosgrain Notch Lapel,260.17692664393962,11,2861.9461930833359
Vivienne Westwood Red Label Women's Giacca Plaid Jacket,317.67499877139926,9,2859.0749889425933
Canada Goose Women's Chilliwack Bomber,407.26999944075942,7,2850.8899960853159
Arc'teryx Moray Jacket - Women's,355.09200091660023,8,2840.7360073328018
Nobis Tula Parka,460.35000092815608,6,2762.1000055689365
Men's Andrew Marc Nucky Lambskin Leather Bomber Jacket with Sheepskin Collar,273.0299992505461,10,2730.299992505461
Robert Graham Men's Minstrel Dinner Jacket,388.10200012475252,7,2716.7140008732677
Faconnable Men's Double Face Wool Jacket,301.76250042859465,9,2715.8625038573518
JORDAN DURASHEEN SHORT MENS 404309-109,532.769998183474,5,2663.8499909173697
IGIGI by Yuliya Raquel Plus Size Kandinsky Gown,188.82500007748604,14,2643.5500010848045
Men's Double Breasted Overcoat in Pure Cashmere,220.24799931328744,12,2642.9759917594492
Robert Rodriguez Women's High Waisted Pencil Skirt,370.09000081568956,7,2590.6300057098269
The North Face Denali Down Womens Jacket 2013,507.4859990850091,5,2537.4299954250455
NIKE WOMEN'S PRO COMPRESSION SPORTS BRA *Outstanding Support and Comfort*,499.35899775289,5,2496.79498876445
Arc'teryx Men's Diplomat Jacket,247.49999949708584,10,2474.9999949708586
Canada Goose Women's Camp Hooded Jacket,272.745000392315,9,2454.7050035308348
Rebecca Minkoff Women's Leather Luciana Skirt,348.03600135445595,7,2436.2520094811916
Canada Goose Women's Whistler Parka,398.93000066280365,6,2393.5800039768219
Canada Goose Men's The Chateau Jacket,477.589998585172,5,2387.94999292586
Mens Brown Sheepskin Flying Jacket 'Air force' Aviator Leather coat #S5,238.59098404804081,10,2385.9098404804081
Magaschoni Women's 100% Cashmere Cable Sweater Jacket,340.4519999474287,7,2383.1639996320009
Canada Goose Men's Langford Parka,394.73160626566,6,2368.38963759396
Barbour Classic Bedale Jacket / Barbour Active Classic Bedale Jacket,215.27199963573366,11,2367.9919959930703
Canada Goose Women's Mystique,469.49999872595072,5,2347.4999936297536
Joseph Abboud Men's 2 Button Side Vent Suit With Flat Front Pant,258.5400004349649,9,2326.8600039146841
Tracy Reese Women's Contrast Frock,258.46200062334538,9,2326.1580056101084
Catherine Malandrino Women's Skinny Stretch Leather Pant,460.925002200529,5,2304.6250110026449
7 Diamonds Men's Palermo Blazer,191.1000004503876,12,2293.2000054046512
Barbour Ladies Utility Jacket,207.87900063022971,11,2286.6690069325268
Paul Fredrick Herringbone Wool Blend Double-Breasted Suit,252.57750067999586,9,2273.1975061199628
Arc'teryx Theta SL Hybrid Jacket - Men's,226.84475755286968,10,2268.4475755286967
Trina Turk Women's Snowonder Blazer,248.35199900809675,9,2235.1679910728708
Jones New York Men's 24/7 Total Comfort Stripe Wool Suit,135.70931808865848,16,2171.3490894185356
Woolrich Men's Arctic Parka,241.19396415901065,9,2170.7456774310958
The North Face Apex Bionic Soft Shell Jacket - Men's,539.99399768561125,4,2159.975990742445
NAU Highline Blazer Women's Clothing,268.05770699535611,8,2144.4616559628489
Jones New York Men's 24/7 Total Comfort Sharkskin Wool Suit,141.39347816046373,15,2120.9021724069557
Regency New York Men's Smoking Jacket Lawrence Black,192.26795861135724,11,2114.9475447249297
Tom Ford Marko FT0144 Sunglasses - 18V Shiny Rhodium (Blue Lens) - 58mm,191.80315786260962,11,2109.8347364887059
adidas Women's adiFIT Slim Pant,527.351998556871,4,2109.4079942274839
Yoana Baraschi Women's Gotham Tux Blazer,234.23999885469675,9,2108.1599896922708
Mountain Hardwear Men's Nilas Down Jacket,341.24999903142452,6,2047.4999941885471
Woolrich Arctic Parka DF,511.82999722659594,4,2047.3199889063837
Cole Haan Women's Vintage Leather Jacket,202.94000090099871,10,2029.4000090099871
Kenneth Cole New York Men's 2 Piece Suit,252.71351441572187,8,2021.708115325775
The North Face Apex Bionic Jacket - Men's,503.87399870320223,4,2015.4959948128089
Faconnable Men's Reversible Trench Coat,331.7749997600913,6,1990.6499985605478
Diesel Men's Lagnum Leather Jacket,330.0959989707917,6,1980.5759938247502
GUESS by Marciano Woven Blazer,197.12800050433725,10,1971.2800050433725
Diesel Men's Lophophora Leather Jacket,489.40999909676617,4,1957.6399963870647
G-Star Men's CL Ruston Blazer,217.36000023782253,9,1956.2400021404028
True Religion Men's Ricky Super T Straight Stitch Jean,177.40800088644028,11,1951.488009750843
Yoana Baraschi Women's Apres Tennis Boyfriend Blazer,216.77599911578,9,1950.98399204202
Arcteryx Alpha FL Jacket - Women's,215.46000038646159,9,1939.1400034781543
Diesel Women's De-Nix Jacket,276.05999901145697,7,1932.4199930801988
French Connection Men's Nostalgic Jacket,174.92600036412477,11,1924.1860040053725
Columbia Men's Peak 2 Jacket,213.1195565163016,9,1918.0760086467144
The North Face Womens Khumbu Jacket Brown White Black Red,159.543999761343,12,1914.527997136116
Catherine Malandrino Women's Stretch Leather Pant,237.43568743815035,8,1899.4854995052028
Silk Tweed Jacket / Long,145.91400026343763,13,1896.8820034246892
Icebreaker Men's Legacy Coat,209.99999921768904,9,1889.9999929592013
Paul Fredrick Striped Linen Double-Breasted Suit,269.55750069580972,7,1886.9025048706681
Parker Women's Open Back Dress,187.37400075793269,10,1873.7400075793269
The North Face Denali Down Mens Jacket 2013,466.85099747031927,4,1867.4039898812771
The North Face Denali Down Womens Jacket 2013,465.94799900427466,4,1863.7919960170987
Magaschoni Women's 100% Cashmere Boat Neck Sweater,185.76000033318996,10,1857.6000033318996
Tom Ford Marko FT0144 Sunglasses - 18V Shiny Rhodium (Blue Lens) - 58mm,185.62285806228,10,1856.2285806227999
Carhartt Men's Down Kalkaska Snorkel Parka,167.67205640721929,11,1844.3926204794122
Nicole Miller Women's Reverse Stretch Charmeuse Boat Neck Dress,223.87499967589974,8,1790.999997407198
Barbour International Motorcycle Jacket / Barbour International Motorcycle Jacket,255.48099922388792,7,1788.3669945672154
Mountain Hardwear Men's Chillwave Down Parka,198.37499968707559,9,1785.3749971836803
Darla,594.4049988090992,3,1783.2149964272976
Arc'teryx Women's Caliber Cardigan,356.49000114575034,5,1782.4500057287516
True Religion Men's Ricky Straight Corduroy Pant,161.91815235622988,11,1781.0996759185286
Ralph Lauren Mens SB 2B Solid Navy Blue Wool Suit,196.15386457632212,9,1765.3847811868991
Barbour Sapper Jacket,218.78999910503629,8,1750.3199928402903
Paul Fredrick 100% Wool Double-Breasted Windowpane Suit,250.03050065785646,7,1750.2135046049953
Nicole Miller Women's Cutout Back Stretch Lace Dress,217.55999967455864,8,1740.4799973964691
True Religion Men's Bobby 1971 Jean,123.98400061950088,14,1735.7760086730123
Dale Of Norway Anniversary Quarter-zip Sweater,157.62500010896474,11,1733.8750011986122
Rebecca Taylor Women's Lace Dress,215.67000021925196,8,1725.3600017540157
Mountain Hardwear Men's Ghost Whisperer Hooded Down Jacket,172.19999972730875,10,1721.9999972730875
Harris Tweed Wool Jacket-Dougal Limited Edition,343.80000047385693,5,1719.0000023692846
Nicole Miller Women's Halter Jumpsuit,243.64999998360872,7,1705.5499998852611
Outdoor Research Men's Furio Jacket,189.34999974444509,9,1704.1499977000058
Nicole Miller Women's Stretchy Matte Jersey Cowl Neck Dress,189.06000022427179,9,1701.5400020184461
Carhartt FRJ184 Flame-Resistant Duck Active Quilt-Lined Jac,153.47989767656324,11,1688.2788744421957
Diesel Men's Jamaar Jacket,210.75000101700425,8,1686.000008136034
True Religion Men's Jimmy Super Jacket,184.54799940064547,9,1660.9319946058092
Mantoni 1 Button PEAK Lapel Men's Tuxedo Suit with Vest Solid Black 100% Virgin Wool,150.46989855904025,11,1655.1688841494426
Hemp Hoodlamb Classic Hoodlamb Jacket - Men's,165.36915612841619,10,1653.6915612841619
Maui Jim Mavericks Sunglasses,183.58600057475269,9,1652.2740051727742
Regency New York Men's Smoking Jacket Constantine Black,235.5705578097523,7,1648.9939046682662
Ben Sherman Men's Side Vent 2 Piece Suit,274.23000069335103,6,1645.3800041601062
Rebecca Minkoff Women's Joni Harness Jacket,182.38999926485121,9,1641.5099933836609
Barbour Storm Half Zip Sweater Navy,163.79453469478997,10,1637.9453469478997
Ella Moss Women's Mazzy Blazer,136.34399941563606,12,1636.1279929876328
Mountain Hardwear Men's Downtown Coat,203.62499915063381,8,1628.9999932050705
MiH Jeans Women's Aztec Jacket,325.21499890834093,5,1626.0749945417047
Austin Reed Men's Signature Two Piece Suit,147.54537590884684,11,1622.9991349973152
Men's Classic Sheepskin B-3 Bomber Jacket,324.27499940153211,5,1621.3749970076606
Filson Men's Mackinaw Cruiser Jacket,161.51599983125925,10,1615.1599983125925
Carhartt Men's Canvas Shirt Jacket,267.59803288173589,6,1605.5881972904153
Canada Goose Women's Expedition Parka,399.09000026062137,4,1596.3600010424855
Mountain Hardwear Men's Ghost Whisperer Down Jacket,177.26999932900071,9,1595.4299939610064
Canada Goose Women's Solaris,398.23500054888427,4,1592.9400021955371
BCBGMAXAZRIA Women's Bowie Printed Tuxedo Jacket,158.47199918329716,10,1584.7199918329716
Ben Sherman Men's Plectrum Double Button Blazer,157.73206454786873,10,1577.3206454786873
Canada Goose Men's Lodge Vest,175.19999966025352,9,1576.7999969422817
Arc'teryx Women's Stingray Jacket,262.47400026768446,6,1574.8440016061068
The North Face Women's S-XL Oso Jacket,524.643000215292,3,1573.9290006458759
True Religion Men's Ricky Super T Straight Jean,196.05600097961721,8,1568.4480078369377
Mountain Hardwear Women's Chillwave Down Jacket,195.74999995529652,8,1565.9999996423721
Arc'teryx Women's Sylva Parka,223.44000020809472,7,1564.080001456663
Tommy Hilfiger Men's Windowpane Trim Fit Suit,156.25398453062354,10,1562.5398453062353
Volcom Men's Ekin Jacket,103.99999991059305,15,1559.9999986588957
Men's Moncler Down Vest Tib,311.84999938122928,5,1559.2499969061464
Men's Henningsvaer Norwegian Wool Pullover,172.71799997985363,9,1554.4619998186827
Barbour Beaufort Jacket,221.84399938909337,7,1552.9079957236536
Joie Women's Maribeth Lace Dress,171.8640003465116,9,1546.7760031186044
Eva Franco Women's Alexa V-Neck Dress,140.40000038221478,11,1544.4000042043626
BCBGMAXAZRIA Women's Seri Woven Evening Dress,220.06400042772293,7,1540.4480029940605
Tommy Hilfiger Men's Tattersal Trim Fit Suit,153.91407450737438,10,1539.1407450737438
Mens Motorcycle Biker Premium Naked Cowhide Black Leather Jacket Sport Collar,139.67418374059324,11,1536.4160211465255
Majestic International Men's Plaid Tiding Long Sleeve Kimono Robe,152.88591445513248,10,1528.8591445513248
Derek Rose Men's Pajama Set,168.85000052861869,9,1519.6500047575682
Scotch & Soda Men's Outdoor Jacket,151.84500020928681,10,1518.4500020928681
DKNY Mens 2 Button Flat Front Black Pinstripe Slim Fit Wool Suit,168.20376433040155,9,1513.833878973614
Margaret O'Leary Women's Double Face Hoodie,137.22878635680217,11,1509.5166499248239
Myne Women's Vera Dress,150.48000007867813,10,1504.8000007867813
Regency New York Men's Smoking Jacket Maxwell Black,250.76865852988743,6,1504.6119511793245
Arc'teryx Men's Theta AR Jacket,300.82499943673611,5,1504.1249971836805
McGinn Women's Sasha Tweed Jacket,214.82499949634075,7,1503.7749964743853
MAXSTUDIO SILK & COTTON TAILORED JACKET,212.62799920141697,7,1488.3959944099188
Ben Sherman Men's Plectrum Velvet Blazer,248.06000092998147,6,1488.3600055798888
Tommy Hilfiger Men's Side Vent Trim Fit Tuxedo Coat,148.8035335266602,10,1488.035335266602
Hanro Men's Lexington Robe,134.75000018253922,11,1482.2500020079315
Joseph Abboud Men's Blend 2 Button Side Vent Soft Construction Sport Coat,211.70100045483559,7,1481.9070031838492
Faconnable Men's Double Closure Sweater Vest,164.39196227538116,9,1479.5276604784303
Barbour Cavalry Polarquilt Jacket,164.05199986696243,9,1476.4679988026619
Robert Graham Men's Crossjack,122.74400015175345,12,1472.9280018210416
Rab Neutrino Endurance Down Jacket - Men's,183.29999962588772,8,1466.3999970071018
Marc New York by Andrew Marc Men's Cuervo Distressed Retro Calf Moto Jacket,208.35599947720766,7,1458.4919963404536
Robert Rodriguez Women's Pencil Skirt,290.62500086613,5,1453.12500433065
Tom Ford Whitney Tf9 74f Metallic Brown Gradient Sunglasses,131.95564800119993,11,1451.5121280131993
RMC Martin Ksohoh jeans Tsunami Wave with Painted Logo jeans REDM1473,131.92000009119511,11,1451.1200010031462
NIKE WOMEN'S PRO COMPRESSION SPORTS BRA *Outstanding Support and Comfort*,482.20200166851282,3,1446.6060050055385
True Religion Men's Ricky Super T Straight Catrer Jean,143.99200038611889,10,1439.9200038611889
Plenty by Tracy Reese Women's Lace Front Shift Dress,159.72800022363663,9,1437.5520020127296
Diesel Men's K-Pilinani Sweater,179.41599947214127,8,1435.3279957771301
Robert Rodriguez Women's Turtleneck Tail Cardigan,143.38309806833561,10,1433.8309806833561
Costa Del Mar - Blackfin - Camo Frame-580 Green Mirror Glass Polarized Lenses,158.76700045540929,9,1428.9030040986836
FactoryExtreme Pacific Shore Women's Black Biker Leather Jacket,142.67105679766325,10,1426.7105679766325
Sunglasses Gucci 4225/S 0ADJ White,142.53029853229484,10,1425.3029853229484
Cwu Pilot 183111 45P Vintage,203.48999916762111,7,1424.4299941733477
Mantoni 2 Button Men's Tuxedo Suit with Vest Solid Black 100% Virgin Wool,158.21834839599725,9,1423.9651355639753
True Religion Women's Casey Stretch Leather Pants,355.84000007249415,4,1423.3600002899766
Regency New York Men's Smoking Jacket Octavius Gray,177.27045777752551,8,1418.1636622202041
Gucci 1013/S Sunglasses,100.88520175296368,14,1412.3928245414916
Diesel Women's Dulhar Blazer,201.14399926364422,7,1408.0079948455095
Alice & Trixie Women's Georgina Tunic,175.50000031478703,8,1404.0000025182962
HUGO BOSS Men's Innovation Boxer Brief,139.96995844002157,10,1399.6995844002158
Candela Women's Gaba Skirt,174.74600040912628,8,1397.9680032730103
Icebreaker Men's Sierra Half Zip Jacket,107.34435282760822,13,1395.4765867589069
BCBGMAXAZRIA Women's Enna Chevron Sequin Shift Dress,174.33000026643276,8,1394.6400021314621
BCBGMAXAZRIA Women's Whitley Woven City Jacket,173.31380319078764,8,1386.5104255263011
Calvin Klein Mens Black Pinstripe Slim Fit Wool Cashmere Suit,153.91407450737438,9,1385.2266705663694
Dolce & Gabbana White Jacket Blazer. M,230.62499903608114,6,1383.7499942164868
Arc'teryx Alpha FL Jacket - Men's,230.62199915573,6,1383.73199493438
Ibex Men's Europa Jacket,172.8699997626245,8,1382.959998100996
Robert Rodriguez Women's Draped Tie Top,125.68500039575156,11,1382.5350043532671
Jones New York Women's Hidden Snap Notch Collar Coat,345.62300086580217,4,1382.4920034632087
Icebreaker Men's Orion Cardigan,115.20000010728836,12,1382.4000012874603
Regency New York Men's Smoking Jacket Bartholomew Navy,229.57130738825805,6,1377.4278443295484
Oakley Men's Radar Path Iridium Polarized Sunglasses,152.62000031769276,9,1373.5800028592348
Mountain Hardwear Men's Mountain Tech Jacket,105.65999988466503,13,1373.5799985006454
BCBGMAXAZRIA Women's Marta 3/4 Sleeve Sequin Dress,171.0280003324151,8,1368.2240026593208
Joseph Abboud Men's Two-button Side Vent Sport Coat,170.80799996852875,8,1366.46399974823
Outdoor Research Men's Virtuoso Jacket,136.49999955669045,10,1364.9999955669045
Spiewak Men's Grant Deck Parka,170.61000038869679,8,1364.8800031095743
Michael Kors Men's Tweed Cable Turtleneck,170.58195283675491,8,1364.6556226940393
Men's Knee Length Overcoat in Pure Cashmere,227.42999937571585,6,1364.5799962542951
Autumn Cashmere Women's New Rib Drape,170.456000238657,8,1363.648001909256
Playtex Women's 18 Hour Stylish Support,104.5177985999852,13,1358.7313817998077
Volcom Men's TDS Jacket,193.91999959945679,7,1357.4399971961975
Arc'teryx Men's Sabre Jacket,271.42499852925539,5,1357.124992646277
Boston Harbour Men's Button Front Walker Jacket,135.38249960169196,10,1353.8249960169196
Rebecca Taylor Women's Cashmere Marl Pullover,169.00000046007335,8,1352.0000036805868
G-Star Men's Cl Deconstructed Brooks Blazer,168.90000030398369,8,1351.2000024318695
Lucky Brand Mens Men's Handknit Seed Stitch Sweater,168.78000011667609,8,1350.2400009334087
FactoryExtreme Triology Men's Black Leather Blazer,112.46815768160684,12,1349.6178921792821
G-star Mens 3301 Slim Jean,103.79999987781048,13,1349.3999984115362
Sitka Gear Men's Softshell Jacket,168.51599955931306,8,1348.1279964745045
ILSE JACOBSEN Women's Rain 6b Soft Shell Coat,192.510000388138,7,1347.570002716966
Levi's Men's Leather Racer Jacket,192.38999957218766,7,1346.7299970053136
Barbour Liddlesdale Classic Quilted Jacket,103.13427295447468,13,1340.7455484081709
Marc New York by Andrew Marc Men's Nolan Natural Rugged Lamb Open Bottom Jacket,148.92424948234111,9,1340.31824534107
Ted Baker Men's Rythjak Check Blazer,191.26800037175417,7,1338.8760026022792
Hanro Men's Madison Woven Wrap Bathrobe,121.67190220099539,11,1338.3909242109494
Suzi Chin Women's Lace Dress,89.1120001859963,15,1336.6800027899444
Lilla P Women's Long Sleeve Ruffle Cardigan Sweater,111.29600003361702,12,1335.5520004034042
Kenneth Cole Women's Mesh Jacket,111.1919992826879,12,1334.3039913922548
Tracy Reese Women's Applique Frock,190.51200024783611,7,1333.5840017348528
Smartwool Men's PhD Smartloft Divide Full Zip,121.19999974966048,11,1333.1999972462652
True Religion Men's Ricky Super Jean,166.60500019975004,8,1332.8400015980003
True Religion Men's TRBJ Ricky Badlands Jean,147.60900040715933,9,1328.481003664434
AG Adriano Goldschmied Men's Protege Staight Leg 5 Pocket Corduroy Pant,88.5279997587204,15,1327.919996380806
Victorinox Men's Leiden Insulated Blazer,120.46890360097069,11,1325.1579396106777
Alpha Industries A-2 Goatskin Leather Jacket,189.20999962091446,7,1324.4699973464012
DKNY Men's 100% Wool Black Tuxedo,189.09500077366829,7,1323.665005415678
Tommy Hilfiger Men's 2 Button Side Vent Trim Fit Solid Suit with Flat Front Pant,165.23561383899778,8,1321.8849107119822
Paul Fredrick Two-Button Fineline Stripe Sportcoat,164.93400042969733,8,1319.4720034375787
True Religion Men's Bobby Super Jean,188.05300014838576,7,1316.3710010387003
CW-X Men's Revolution Tights,119.33999994769692,11,1312.7399994246662
GPUFashion 100% Silk Robe Mens,119.324999935925,11,1312.5749992951751
HALSTON HERITAGE Women's Oversized Double Faced Coat,262.34142501322708,5,1311.7071250661354
Halston Heritage Women's Wool Pencil Drape Skirt,163.4300004132092,8,1307.4400033056736
Pure Cashmere Robe for Men,185.97800040990114,7,1301.846002869308
Diesel Men's Thavar Skinny Straight Jean,144.62500009685755,9,1301.6250008717179
Paul Fredrick Performance 100% Wrinkle \ Stain Resistant Wool Suit,260.21850074641407,5,1301.0925037320703
Joseph Abboud Men's 2 Button Side Vent Stripe Suit With Flat Front Pant,259.79100064001977,5,1298.9550032000989
Alfani Red Gray Wool LS 2 Button Sport Coat,144.23500075936317,9,1298.1150068342686
Alpha Industries Apollo MA-1 Flight Jacket,99.7359997369349,13,1296.5679965801537
Magaschoni Women's 100% Cashmere Waterfall Cardigan,185.13600052893162,7,1295.9520037025213
Rebecca Minkoff Women's Becky Jacket,215.82399871945381,6,1294.9439923167229
Ralph Lauren Women Plaid Wool Blazer Jacket,161.74353305863337,8,1293.948264469067
Tommy Hilfiger Men's 2 Button Side Vent Herringbone Trim Fit Sport Coat,129.3460834945069,10,1293.4608349450691
Derek Rose Men's Button-Through Nightshirt,143.32500044256449,9,1289.9250039830804
Trina Turk Women's Baroness Dress,214.52200032025576,6,1287.1320019215345
Earnest Sewn Men's Fulton,98.604000303894253,13,1281.8520039506252
United Face Womens Rex Fur Leather Swing Coat,183.10600030422211,7,1281.7420021295547
Magaschoni Women's 100% Cashmere High Low Sweater,182.53200030326843,7,1277.724002122879
Genuine leather Trench Coat - Style GFTRM,127.68682618018062,10,1276.8682618018061
Queenshiny Long Women's 100% Real Rex Rabbit Fur Coat Jacket With Super Fox Collar,182.37200047075748,7,1276.6040032953024
G-Star Men's 3301 Straight Long Jean,97.900000065565123,13,1272.7000008523466
Arc'teryx Gamma MX Hooded Softshell Jacket - Women's,181.65000043809414,7,1271.550003066659
Mod-O-Doc Women's Big Cord Peacoat,97.7500001899898,13,1270.7500024698675
Men's St. Croix Long Sleeve Double Lock 1/4 Zip Sweater,158.789999820292,8,1270.319998562336
Joseph Abboud Mens Taupe Herringbone Wool Sport Coat Jacket,97.404273281834591,13,1266.2555526638496
Women's Jane Sheepskin B-3 Bomber Jacket,315.94500080682337,4,1263.7800032272935
Barbour Women's Beadnell Waxed Cotton Jacket - Rustic,210.34500024002045,6,1262.0700014401227
French Connection Men's Melton Jacket Blazer,179.39600047236308,7,1255.7720033065416
Pure Cashmere Robe for Men,156.79800075665116,8,1254.3840060532093
Icebreaker Men's Legacy Hood,250.7999986410141,5,1253.9999932050705
Original Penguin Men's Lightweight Blazer,139.25000000745058,9,1253.2500000670552
Diesel Men's Judocu Jacket,138.48000034689903,9,1246.3200031220913
Marmot Palisades Jacket - Men's,177.89999954402447,7,1245.2999968081713
Robert Graham Men's Gamboge Striped Sport Shirt,103.51200040429832,12,1242.14400485158
French Connection Women's T-Stella Crepe Jacket,177.40799917280674,7,1241.8559942096472
Spiewak Men's Systems Field Jacket,177.15199939161539,7,1240.0639957413077
Nobis Merideth Parka,412.60500099509954,3,1237.8150029852986
Minnie Rose Women's Kangaroo Pocket Pullover,206.27199971675873,6,1237.6319983005524
Oakley Men's Straight Jacket Polarized Sunglasses,103.07500027120113,12,1236.9000032544136
Raffi Linea Uomo Men's 100% Cashmere 1/4 Zip Sweater,95.025000255554914,13,1235.3250033222139
Diesel Men's Jepphet Jacket,176.41000041156076,7,1234.8700028809253
Arc'teryx Men's Alpha SL Hybrid Jacket,205.77299899980426,6,1234.6379939988256
Mountain Hardwear Women's LoDown Jacket,112.1399999409914,11,1233.5399993509054
Trina Turk Women's Alfred,246.36199891357683,5,1231.8099945678841
Columbia Womens Sleet To Street Parka,153.2193476376325,8,1225.75478110106
4 Ply Shephe Men's Turtleneck Cashmere Sweater,111.12800006568432,11,1222.4080007225275
Michael Kors Men's Marlow Wool-Blend Single-Breasted Fitted Top Coat,152.74499986320734,8,1221.9599989056587
Joseph Abboud Men's Brown Velvet 2 Button Side Vent Sport Coat,122.01960192173125,10,1220.1960192173126
MICHAEL Michael Kors Women's Zip Front Leather Jacket,174.23471512894957,7,1219.643005902647
Ball Gown Strapless Formal Prom Wedding Dress #2714,152.3541340681395,8,1218.833072545116
Derek Rose Men's Rich Dobby Striped Classic Pajama Set,152.35000038519502,8,1218.8000030815601
J.C. Rags Men's Navajo Cardigan,121.65099990740418,10,1216.5099990740418
Arc'teryx Men's Beta AR Jacket,242.72499997168779,5,1213.624999858439
Arc'teryx Theta SV Jacket - Men's,303.04999947547913,4,1212.1999979019165
Women's Knee Length Overcoat in Pure Cashmere,201.89400039240721,6,1211.3640023544433
erin Erin Fetherston Women's Lace Twofer Dress,201.48000089451671,6,1208.8800053671002
True Religion Men's TRBJ Flatlock Raw Edge Hoodie,120.85195460764407,10,1208.5195460764407
Jones New York Women's Leather Trimmed Cardigan,92.950000125914812,13,1208.3500016368926
Elie Tahari Mens 2 Button Flat Front Charcoal Gray Pinstripe Wool Suit,150.71372401473556,8,1205.7097921178845
Jones New York Walker Leather Jacket,172.194254680624,7,1205.359782764368
Rebecca Minkoff Women's Ponte Ryder Jacket,240.78999906592071,5,1203.9499953296036
Bali Women's One Smooth U-back Underwire,133.60520265588463,9,1202.4468239029616
Calvin Klein Sportswear Men's Mixed Media Jacket,120.18599941581488,10,1201.8599941581488
BCBGMAXAZRIA Women's Jeisa Sleeveless Color Block Pleated Dress,171.64800038188696,7,1201.5360026732087
Derek Rose Men's Flannel Classic Pajama Set,150.00000037252903,8,1200.0000029802322
Arena Men's Powerskin R-EVO Jammer Race,99.839999414980412,12,1198.0799929797649
Polo Ralph Lauren Men's Perry Jacket Coat,99.78413311556622,12,1197.4095973867948
Merrell Women's Ellenwood Insulated Coat,132.91014147111832,9,1196.1912732400649
Austin Reed Men's Signature Plaid Two Button Sport Coat,99.470699744879454,12,1193.6483969385536
Diesel - Mens Viker 0880F Denim Jeans,91.698000133037567,13,1192.0740017294884
Tommy Hilfiger Men's Two Button Trim Fit Tuxedo Jacket with Shawl Collar,108.24300022423267,11,1190.6730024665594
AG Adriano Goldschmied Men's 5 Pocket Matchbox Slim Straight Jean,91.590000195428715,13,1190.6700025405733
Plus Size 3/4 Sleeved Scalloped Boudoir Lace Dress - Black Lace/black Lining,91.324000254273415,13,1187.2120033055544
Hart Schaffner Marx Mens Gray Worsted Wool Sportcoat 2-Button Sport Coat Jacket Blazer,98.764193548688155,12,1185.170322584258
Ted Baker Men's Moosh Blazer,197.50500074867159,6,1185.0300044920295
Diesel Men's Safado Slim Straight Leg 802I Jean,118.31574860168804,10,1183.1574860168805
Perry Ellis Men's Lamb Zip Front Open Bottom Jacket,131.32429281444763,9,1181.9186353300288
Schaefer The Original Duster,118.13999969512224,10,1181.3999969512224
United Face Mens Hooded Reversible Leather Bomber Jacket,147.65699962154031,8,1181.2559969723225
Evisu European edition Vintage cut denim jeans,168.64911681338714,7,1180.54381769371
Robert Graham Men's Barbican Velvet Blazer,392.97400070726871,3,1178.9220021218061
Paul Fredrick Wool \ Silk Three-Button Houndstooth Sportcoat,168.16800045780838,7,1177.1760032046586
Tallia Mens 2 Button Flat Front Dark Gray 3 Piece Check Suit,147.11387378929291,8,1176.9109903143433
Parker Women's Striped Dress,196.15048490128245,6,1176.9029094076948
Canada Goose Men's Aviator Hat,130.72500047273934,9,1176.525004254654
Steinbock Tyrolean Sport Coat,196.00000083446503,6,1176.0000050067902
GUESS Quilted Faux-Leather Jacket,106.80000026524067,11,1174.8000029176474
Calvin Klein Men's Fashion Coat,117.21099956706166,10,1172.1099956706166
Marc New York by Andrew Marc Men's Nucky Natural Rugged Lamb Bomber Jacket with Shearling Collar,233.37599909864363,5,1166.8799954932181
Royal Robbins Women's Zip N' Go Pant,129.34624786813743,9,1164.1162308132368
Woolrich Women's Bristol Duffle Jacket,166.24400023836645,7,1163.7080016685652
Robert Graham Men's Ganymede Short,82.950000058859587,14,1161.3000008240342
Cole Haan Men's Cashmere Topper Jacket,165.70749959326349,7,1159.9524971528444
Mountain Hardwear Women's Citilicious Coat,165.599999204278,7,1159.1999944299459
Sitka Gear Men's Stratus Windstopper Jacket,165.58428401763649,7,1159.0899881234554
HALSTON HERITAGE Women's Sleeveless Mock Neck Dress,144.71459498613103,8,1157.7167598890483
Woolrich Women's Arctic Parka,192.64800029317848,6,1155.8880017590709
Anne Klein Collection Women's Angled Shawl Blazer,144.46065027005449,8,1155.6852021604359
Joie Women's Armelio Sweater,128.3640002310276,9,1155.2760020792484
Joe's Jeans Men's Slim Fit Straight Leg Brixton,96.228000283241286,12,1154.7360033988955
Marmot Guides Down Sweater Jacket - Cobalt Blue/Bright Navy,115.3999999165535,10,1153.999999165535
True Religion Men's Bobby Snake Eyes Straight Jean,115.36000055074692,10,1153.6000055074692
Sutton Studio Women's Cashmere Blazer Jacket Plus,164.7434131506273,7,1153.2038920543912
Arcteryx Beta SL Jacket - Men's,164.60999943874776,7,1152.2699960712343
Arc'teryx Men's Atom SV Hoody,144.00399960344657,8,1152.0319968275726
Mountain Hardwear Nitrous Hooded Jacket - Men's,143.99999985471368,8,1151.9999988377094
Diesel Men's Safado Slim Straight-Leg Jean,164.12500026635826,7,1148.8750018645078
Calvin Klein Mens 2 Button Solid Black Wool Suit,164.05368409358471,7,1148.3757886550929
Tommy Hilfiger Men's Trim Fit 2 Button Side Vent Mini Houndstooth Sport Coat,127.57500037550928,9,1148.1750033795836
Icebreaker Men's Kodiak Zip Jacket,127.49999947845936,9,1147.4999953061342
Men's Single Breasted Charcoal Luxury Wool/Cashmere Full Length Topcoat,76.474498130783445,15,1147.1174719617516
Volcom Men's Armor Jacket,127.41999967955051,9,1146.7799971159545
True Religion Women's Shannon Mid Rise Corduroy,81.900000181049123,14,1146.6000025346877
Paul Fredrick Cotton Denim Two-Button Sportcoat,142.50250038364902,8,1140.0200030691922
Diesel Men's K-Bolka Sweater,87.627957996212842,13,1139.163453950767
MontBell Ultralight Down Parka - Men's,113.77799963951111,10,1137.7799963951111
Trina Turk Women's Ali Wrap Coat,162.51660839423687,7,1137.6162587596582
Zimmerli Ultrafine Filo di Scozia Cotton Shorty Pajamas,141.72700030449778,8,1133.8160024359822
Lilly Pulitzer Women's Millie Jacket,141.60799965262413,8,1132.863997220993
Woolrich Men's Quehanna Cardigan Sweater,113.22300020232797,10,1132.2300020232797
True Religion Men's Bobby Straight Leg Corduroy Pant,94.121999938040958,12,1129.4639992564914
Joe's Jeans Women's Opale Jacket,225.14999864622953,5,1125.7499932311478
Tommy Hilfiger Men's Two Button Trim Fit Tuxedo Jacket with Peak Lapel,125.0418438405319,9,1125.376594564787
Marc New York by Andrew Marc Men's Liam Smooth Lamb Car Coat with Bib,224.79600008949637,5,1123.9800004474819
Carhartt Men's Flame Resistant Heavyweight Duck Traditional Coat,140.22249803660435,8,1121.7799842928348
Levi's Men's Leather Two-Pocket Fashion Moto Jacket,124.55481225731465,9,1120.9933103158319
TEXTILE Elizabeth and James Women's Painter Ozzy,112.09600012749434,10,1120.9600012749434
Outdoor Research Men's Alibi Pants,111.92999964114279,10,1119.2999964114279
Ray-Ban Meteor Wayfarer Sunglasses,101.44000053405762,11,1115.8400058746338
Carhartt Men's Big-Tall Ketchikan Jacket,101.4332980137214,11,1115.7662781509355
BCBGMAXAZRIA Women's Gavin Sweater Skirt,123.55200033634901,9,1111.9680030271411
BGSD Women's New Zealand Lambskin Leather Hooded Parka Coat with Fox Fur Trim in Black or Brown - Misses & Plus,158.71503509545516,7,1111.005245668186
Anne Klein Collection Women's Shawl Collar Jacket,138.86140015610158,8,1110.8912012488126
Handknit Men's Aran Zip Cardigan,69.1360002309084,16,1106.1760036945343
The North Face Apex Bionic Soft Shell Jacket - Women's,184.1840003579855,6,1105.104002147913
True Religion Men's Ricky Straight Vintage Jean,138.00300021038856,8,1104.0240016831085
Long Le Fay Hoodie in Black by Prairie Underground,157.53600007295609,7,1102.7520005106926
Champion Men's Double Dry Classic Fleece Full Zip Hood,157.51820183643792,7,1102.6274128550654
7 For All Mankind Men's Austyn Relaxed Straight Leg A Pocket Jean in Los Angeles,91.854000270366683,12,1102.2480032444003
DOLCE & GABBANA DG4167 501/8G BLACK GRAY GRADIENT 5917,137.78100040555,8,1102.2480032444
Women's Frayed trims bouclÃ© jacket,84.753483430456811,13,1101.7952845959385
Diesel Men's Shioner Skinny Straight Leg Jean,183.26400056481361,6,1099.5840033888817
Regency New York Men's Smoking Jacket Horatio Black,182.96950782620536,6,1097.8170469572322
Mycra Pac Long Donatella Women's Fashion Travel Raincoat,156.82700015231967,7,1097.7890010662377
Vintage Leather Duster Black,91.443860449052764,12,1097.3263253886332
Oakley Men's Racing Jacket Oval Sunglasses,136.8400003015995,8,1094.720002412796
True Religion Men's Bobby Zipper Jean,136.70800030045211,8,1093.6640024036169
Oakley Men's Originate Jacket,155.99999986588955,7,1091.9999990612268
Sunglasses Gucci 4225/S 0ADJ White,109.17724818238614,10,1091.7724818238614
Joe's Jeans Women's Dalia Jacket,136.33499945048243,8,1090.6799956038594
Marc New York by Andrew Marc Men's Wiley 34 Inch Button Placket Front Wool Blend Car Coat,121.14099980890752,9,1090.2689982801678
Carhartt Mens Duck Bib Quilt Lined,155.70315628837923,7,1089.9220940186547
Savile Row Mens Grey Herringbone Wool Cashmere Jacket,155.40300000831485,7,1087.8210000582039
Filson Mens 11005LD Merino Wool Midweight Half Zip - Loden,98.8019999905955,11,1086.8219998965506
Tommy Hilfiger Men's Trim Fit Two Button Side Vent Sport Coat,120.64365379957709,9,1085.7928841961939
PAIGE Women's Maternity Union Skyline Straight Jean,120.59399975091219,9,1085.3459977582097
Karla Colletto Outlines One Piece Tank,155.0399999320507,7,1085.2799995243549
Jones New York Men's Athletic Fit Suit,180.8735341336569,6,1085.2412048019414
Retro Glam Lace Dress,98.6160002052784,11,1084.7760022580624
Calvin Klein Mens Navy Blue Pindot Slim Fit Wool Suit,154.69404460592455,7,1082.8583122414718
Diesel Men's New Fanker Slim Bootcut 8B9 Jean,98.332648675294948,11,1081.6591354282443
Scotch & Soda Men's Japanese Styled Blazer,154.25000060349703,7,1079.7500042244792
G. Fiorelli 2 Button Men's Suit Sheen Black with Herringbone Stripes,107.25019841511008,10,1072.5019841511007
Shephe Men's Turtleneck Cashmere Sweater,82.3839999139309,13,1070.9919988811016
Anne Klein Collection Women's Shawl Collar Jacket,178.22545767969373,6,1069.3527460781625
Helly Hansen Velocity Insulated Ski Jacket Mens,152.59999971836805,7,1068.1999980285764
Eliza J Women's 1 Piece Sleevless Dress With Pleated Tulip Skirt And Belt,88.649053645853712,12,1063.7886437502445
Only Hearts Women's Petticoat Lined Long Skirt,88.638999983668327,12,1063.66799980402
Ralph Lauren Double RL RRL Men Slim Bootcut Jeans - Made in USA,151.94000043906271,7,1063.580003073439
Carhartt Men's Waterproof Breathable Jacket,96.633963065163186,11,1062.973593716795
Spyder Women's Jesst In Time Jacket,354.2500005569309,3,1062.7500016707927
Mountain Hardwear Men's Exposure Parka,151.73999966355041,7,1062.1799976448528
Mountain Hardwear Men's Ghost Whisperer Down Jacket,151.61999937146902,7,1061.3399956002831
Ray-Ban Wayfarer 601S78 Polarized Wayfarer SunglassesMatte Black52 mm,81.638701663046334,13,1061.3031216196023
Joe's Jeans Men's Slim Fit Straight Leg Brixton,88.410000409930944,12,1060.9200049191713
adidas Outdoor Terrex Swift Softshell Jacket - Men's,81.422848003262288,13,1058.4970240424097
Jack Spade Men's Sanborn Twill Blazer,151.19323733773291,7,1058.3526613641304
Red Carter Rainbow Brights Asymmetrical One Piece,132.23999977111816,8,1057.9199981689453
Joe's Jeans Men's Brixton Slim Fit Jean,96.030000066384673,11,1056.3300007302314
Washed-tweed Dress Vest,150.89400038402528,7,1056.2580026881769
United Face Womens Black Fox Fur Trim Hooded Leather Coat,175.94100042432547,6,1055.6460025459528
Outdoor Research Women's Virtuoso Jacket,131.75000017508864,8,1054.0000014007092
BCBGMAXAZRIA Women's Vallissa Geometric Sequin Shift Dress,210.54600036330521,5,1052.7300018165261
Calvin Klein Mens 2 Button Gray Plaid Slim Fit Wool Sport Coat Jacket,80.9142234003383,13,1051.884904204398
Carhartt Men's Sherpa Lined Sandstone Jackson Coat,87.524247896529744,12,1050.2909747583569
Mountain Hardwear Women's Ghost Whisperer Hooded Down Jacket,174.90000016987324,6,1049.4000010192394
Perry Ellis Portfolio Men's Melton Open Bottom Jacket,74.93268015740037,14,1049.0575222036052
Diesel Men's Zathan 885S Regular Bootcut Jean,95.040000416338444,11,1045.4400045797229
Women's Knee Length Overcoat in Pure Cashmere,209.07600008323791,5,1045.3800004161897
Cluny Women's Soft Draped Pants,116.13060533759892,9,1045.1754480383902
Tommy Hilfiger Men's 2 Button Side Vent Sharkskin Coat,116.05355740242317,9,1044.4820166218085
Tommy Hilfiger Men's 2 Button Side Vent Trim Fit Suit with Flat Front Pant,149.17823470689564,7,1044.2476429482695
Cole Haan Men's Smooth Lamb Jacket,208.59999898821115,5,1042.9999949410558
Arc'teryx Women's Lanea Long Coat,207.48000056482852,5,1037.4000028241426
New Tom Ford Jennifer Sunglasses TF 8 692 TF8 Dark Brown Frame Gradient Brown Shades Size: 61-16-120,148.08000057935715,7,1036.5600040555
Cluny Women's Printed Skirt,148.05600036308169,7,1036.3920025415719
Columbia Womens Sleet To Street Parka,129.47409822551307,8,1035.7927858041046
Hanro Men's City Pajama Set,147.89000067859888,7,1035.2300047501922
Savile Row Mens Grey Birdseye Italian Wool 2 Button Suit Jacket,129.39999997615814,8,1035.1999998092651
Plus Size Analisa Lace Column Dress,172.51199984550476,6,1035.0719990730286
Michael Kors Men's Full Zip,114.71985261348036,9,1032.4786735213231
Helene Berman Women's Tweed Boyfriend Blazer,128.96799923479557,8,1031.7439938783646
Dale Of Norway Nordlys Cardigan,147.22500052303076,7,1030.5750036612153
Michael Kors Mens 2 Button Flat Front Dark Tan Sharkskin Wool Suit,93.443773652448812,11,1027.8815101769369
Sutton Studio Single Breast Two Button Jacket,114.19429285646888,9,1027.7486357082198
French Connection Women's Fast Mini Sequin Jacket,93.273999608121812,11,1026.01399568934
J.C. Rags Men's Double Layer Cardigan,93.258999949321137,11,1025.8489994425324
True Religion Women's Halle Metallic Spray Jean,128.18000018596649,8,1025.4400014877319
Barbour Classic Beaufort Jacket / Beaufort Jacket,205.08599942922592,5,1025.4299971461296
Raffi Linea Uomo Men's 100% Cashmere Shawl Sweater,113.85000001173466,9,1024.650000105612
Trina Turk Women's Elizabeth Toggle Coat,170.68463914381027,6,1024.1078348628616
Swim Systems E923-PRIM Primrose Kimono Cover Up,102.33999967575073,10,1023.3999967575073
Nau Vice Blazer - Men's,170.510000474751,6,1023.060002848506
Jones New York Men's 24/7 Total Comfort Stripe Suit,145.89343827704849,7,1021.2540679393394
Robert Graham Men's Bitter End,78.498000247171163,13,1020.4740032132252
Marc New York by Andrew Marc Men's Cruz Soft Leather Open Bottom Jacket,145.72499955073,7,1020.0749968551099
Diesel Men's Wittory Jacket,145.59501966279333,7,1019.1651376395533
Arc'teryx Gamma MX Softshell Jacket - Women's,169.53300049901009,6,1017.1980029940605
Mens Pure Cashmere Polo Sweater,145.25999975949526,7,1016.8199983164668
Canada Goose Women's Freestyle Vest,169.39999908208847,6,1016.3999944925308
Finis Women's Hydrospeed 2 Race John Swimsuit,72.593948537721474,14,1016.3152795281006
Calvin Klein Sportswear Men's Melton Wool Basic Peacoat,126.99599968828259,8,1015.9679975062608
United Face Mens Classic Brown Italian Leather Blazer Jacket,126.96200005337596,8,1015.6960004270077
Melissa Odabash Women's Milano Square Neck Maillot Swimsuit,101.18784195652961,10,1011.8784195652961
Mara Hoffman Women's Intarsia Pullover,168.59879355546161,6,1011.5927613327697
Rebecca Minkoff Women's Becky Jacket,252.88199850171804,4,1011.5279940068722
Christopher Fischer Women's 100% Cashmere Tunic,63.20999994874,16,1011.35999917984
The North Face Denali Fleece Jacket - Men's,126.26981319964918,8,1010.1585055971934
Men's Full Length Overcoat in Pure Cashmere,252.33799944049679,4,1009.3519977619871
Costa Del Mar - Blackfin - Camo Frame-580 Green Mirror Glass Polarized Lenses,144.00400044769049,7,1008.0280031338334
Marmot Super Mica Jacket - Men's,111.9999997317791,9,1007.9999975860119
Arc'teryx Atom LT Jacket - Women's,125.92499963287263,8,1007.399997062981
French Connection Women's Solar Heat Dress,201.3880003914237,5,1006.9400019571185
Levi's Men's Leather Racer Quilted Shoulders Jacket,125.80453263463201,8,1006.4362610770561
Robert Rodriguez Women's Belted Tie Skirt,91.489684083498744,11,1006.3865249184862
Diesel Men's Jinkenitor Jacket,167.07800042745657,6,1002.4680025647394
Zeilei 7528 Allover Sequins Strapless Evening Prom Pageant Dress,125.26300016464666,8,1002.1040013171732
FactoryExtreme Cosmo Strata Women's Black Leather Blazer,111.3368967709452,9,1002.0320709385069
7 For All Mankind Men's The Straight Modern Straight Leg Jean,91.0800001770258,11,1001.8800019472837
Shephe 4 Ply Women's Classic Cashmere Robe with Full Length,200.32600033283234,5,1001.6300016641617
Jones New York Men's 24/7 Total Comfort Sharkskin Suit,143.05135818600223,7,1001.3595073020156
Diesel Jean Viker RKZ8,90.986003023102867,11,1000.8460332541315
BCBGMAXAZRIA Women's Abigail Knit Evening Dress,200.09600006043911,5,1000.4800003021955
Ak Anne Klein Women's Plus-Size Long Sleeve Shawl Collar Jacket,90.76699960231781,11,998.43699562549591
Jones New York Men's Two Button Double Pleated Tuxedo,124.7937637674639,8,998.35011013971121
True Religion Men's TRBJ Power Through Peace Flatlock Hoodie,142.55837280099365,7,997.90860960695557
Persol Men's 0PO0714 Aviator Sunglasses,99.641601655298473,10,996.41601655298473
Kenneth Cole Reaction Men's 2 Piece Two Button Suit,248.85000032372773,4,995.40000129491091
Men's The North Face Khumbu Fleece Jacket Deep Water Blue,76.54079804422409,13,995.03037457491314
Armani Exchange Wool Item Blazer,124.34400046616794,8,994.75200372934353
Joie Women's Shirin Sweater,165.68800023198128,6,994.12800139188766
L1 Thunder Pant - Men's,90.243448293413223,11,992.67793122754551
Diesel Men's Viker 885S Regular Slim Straight Jean,99.152541276968137,10,991.52541276968134
Joseph Abboud Men's Two-button Side Vent Blazer,165.16800060868263,6,991.00800365209579
Tommy Hilfiger Men's Plaid Trim Fit Suit,165.09364422498493,6,990.56186534990957
Calvin Klein Sportswear Men's Washable Birdseye Classic Jacket,109.82600042968988,9,988.434003867209
True Religion Men's Ricky Straight Jean,141.13635534878597,7,987.95448744150178
7 For All Mankind Women's Mid Roll Up Short in California Del Sol,82.302999954670668,12,987.635999456048
Plenty by Tracy Reese Women's Surplice Dress Black,123.38800032809375,8,987.10400262475
Vivienne Westwood Men's Pantalone Pant,109.67501716486878,9,987.075154483819
True Religion Women's Stella Skinny Fit Jean,82.192000195384026,12,986.30400234460831
Men's Air Force A-2 Flight Leather Bomber Jacket,98.274542680102428,10,982.74542680102422
Joseph Abboud Men's Two-button Side Vent Sport Coat,163.68000027537346,6,982.08000165224075
True Religion Women's Jayde Gold Fashion Vintage Short,122.75399998831564,8,982.03199990652513
Diesel Men's New Fanker Slim Bootcut Jean,98.203042963582178,10,982.03042963582175
Holden Shawl Collar Sweater - Men's,89.255198452139467,11,981.80718297353417
Women's The North Face Half Dome Hoodie Sweatshirt Graphite Grey/Teaberry Pink,163.54799984395504,6,981.28799906373024
Scotch & Soda - Men's Twisted Hooded Pull + Contrast Cuffs - Navy,81.599999964237213,12,979.19999957084656
7 For All Mankind Men's Brett Modern Bootcut Jean In Driftwood Night,97.9020002055913,10,979.0200020559131
Ray-Ban Aviator 112/69 Aviator SunglassesMatte Gold58 mm,88.920348381351317,11,978.12383219486446
525 America Women's  Blazer,97.801999568706378,10,978.01999568706378
Zoot Sports Men's Ultra Speedzoot Swim Race Suit,108.62104576354363,9,977.58941187189271
MICHAEL Michael Kors Women's Asymmetrical Leather Jacket,88.852539234763981,11,977.37793158240379
Original Penguin Men's Gunnoy Blazer,97.64667329735488,10,976.4667329735488
Paul Fredrick Trim Fit Twill Weave Double-Breasted Suit Jacket,122.04200037941337,8,976.33600303530693
G. Fiorelli 3 Button Men Suit Solid Dark Navy Super 150's Premium Quality Textile,108.42809809856266,9,975.852882887064
BGSD Women's Wool Blend Faux Fox Fur Trimmed Toggle Jacket in Black or Camel,74.995002746582031,13,974.93503570556641
Vivienne Westwood Anglomania Women's Petite Noble Jacket,194.98499914014246,5,974.92499570071232
True Religion Men's Ricky SPT Boot Cut Jean,121.76889670004923,8,974.1511736003938
Ray-Ban 0RB3498 Polarized Rectangular Sunglasses,108.18000027677044,9,973.620002490934
Karen Kane Women's Drape Neck Jacket,121.63599962741137,8,973.08799701929092
Oakley Men's Whisker Iridium Polarized Sunglasses,121.60000037401915,8,972.80000299215317
Via Spiga Women's Beatrice Belted Down Jacket,88.37499981746079,11,972.12499799206864
Volcom Men's Three's Ins Jacket,138.51000007241964,7,969.5700005069375
Ted Baker Women's Mowna,138.45624367124793,7,969.19370569873558
Hanro Men's Turin Pajama Set,161.38500029221177,6,968.31000175327063
Parker Women's V-Neck Beaded Dress,193.35800034552813,5,966.79000172764063
Joie Women's Edaline B Printed Blouse,107.33800030499697,9,966.04200274497271
Trina Turk Women's Inga Dress,193.19200050830841,5,965.960002541542
Abercrombie & Fitch Men's Distressed Corduroy Sport Coat (Brown),107.28000023402274,9,965.52000210620463
BCBGMAXAZRIA Women's Edesa V-Neck Shirred Dress,160.92000028863549,6,965.520001731813
Wool/Cashmere Donegal Turtleneck,80.294999982230365,12,963.53999978676438
AG Adriano Goldschmied Women's Angelina Bootcut Jean,80.214000163832665,12,962.56800196599193
Zero Restriction Men's Featherweight Traveler Jacket Removable Sleeve Rain Jacket,240.55499896407127,4,962.2199958562851
Oakley Men's Flak Jacket Iridium Golf Sunglasses,96.150000393390656,10,961.50000393390656
Merrell Women's Isadore Down Coat,159.74827928062859,6,958.48967568377157
Rufskin Gus - Indigo Stretch Denim Skinny Jeans,73.704000022262335,13,958.15200028941035
Anne Klein Collection Women's Single Button Soft Blazer,136.845670231888,7,957.919691623216
Bertolini 2 Button Solid Black Men's Suit Wool and Silk Blends,106.34624845193696,9,957.11623606743262
Robert Graham Men's Latching Long Sleeve Solid Jaquard,73.514000114053474,13,955.68200148269511
Adidas Women's Jeremy Scott Animal Print Jumper Jumpsuit-Dark Yellow,159.25000035203993,6,955.5000021122396
Men's Cashmere Pea Coat,119.20099989324808,8,953.60799914598465
Alpha Industries A-2 Leather Jacket,237.99999943003056,4,951.99999772012222
Mountain Hardwear Women's Nitrous Vest,105.69999972358346,9,951.29999751225114
Miraclesuit Women's It List Rialto 1 Piece Swimsuit,95.115999698638916,10,951.15999698638916
Diesel Men's Zatiny 885w Slim Micro Bootcut Jean,79.180000228807316,12,950.16000274568773
A Pea in the Pod Collection: J Brand Early and After Belly 5 Pocket Skinny Leg Maternity Jeans,105.4619997285772,9,949.15799755719479
Autumn Cashmere Women's Color Block Hi Low Raglan,189.80500080808997,5,949.02500404044986
Kenneth Cole Men's Velvet Military Blazer,118.50450029061176,8,948.03600232489407
Country Corduroy Sport JacketÂ—with S-t-r-e-t-c-h / Regular,189.52799998223782,5,947.63999991118908
Diesel Men's Shioner Skinny Straight Leg Jean,94.730849219685012,10,947.30849219685012
Royal Robbins Women's Zip N' Go Pant,135.19494769996328,7,946.364633899743
Trina Turk Women's Yukateca Bandeau One Pc,85.987999742385,11,945.867997166235
Mens Pure Cashmere Slipover Tanktop,105.0720001719892,9,945.64800154790282
Earnest Sewn Men's Fulton Straight Leg Corduroy Pant,94.51199983805418,10,945.1199983805418
BCBGMAXAZRIA Women's Rivas Short Cocktail Dress With Cross Front,188.94200012087822,5,944.7100006043911
Suzi Chin Women's Sequin Sheath,94.325999863445759,10,943.25999863445759
Mens Hillside USA Horsehide Biker Vest Two Tone Made in USA,117.81000031717122,8,942.48000253736973
Trina Turk Women's Short Pea Coat,117.71000016480684,8,941.68000131845474
True Religion Women's Billy Straight Jeans,93.906000092625618,10,939.06000092625618
Michael Kors Mens 2 Button Flat Front Gray Sharkskin Wool Suit,93.834483214606053,10,938.34483214606053
Calvin Klein Men's Slim Fit Coat,93.799999728798866,10,937.99999728798866
7 For All Mankind Men's Relaxed Fit Jean in Perfectly worn,78.142000209540129,12,937.70400251448154
Hudson Men's Clifton Bootcut Jean,78.061500240582973,12,936.73800288699567
Arcteryx Beta SL Jacket - Women's,156.06000027991831,6,936.36000167950988
True Religion Men's Ricky Nickel Stud Logo Jean,104.00400045560673,9,936.03600410046056
Rebecca Taylor Women's Nailhead Dress,234.00000063702464,4,936.00000254809856
J Brand Mens Kane Slim Straight Leg Denim Jeans in Weathered Olive,103.87300028651951,9,934.85700257867563
Parker Women's Beaded Spaghetti Tank Dress,186.83459506167992,5,934.1729753083996
7 For All Mankind Men's Standard Classic Straight Leg Jean in Dark Blue Black,103.37600028514862,9,930.38400256633759
G-Star Raw - Mens Arc 3D Slim Fit Jeans in Dark Aged,84.301999981980771,11,927.32199980178848
Armani Exchange Shiny Diamond Quilted Puffer Jacke,115.82999980822207,8,926.63999846577656
Funktional Women's Moto Jacket,231.43560434242488,4,925.74241736969952
Ardyss Body Magic Body Shaper Style 22,92.4300001678057,10,924.300001678057
Barbour Summit Zip Thru Sweater,153.98499989975244,6,923.90999939851463
Outdoor Research Women's Igneo Jacket,153.9725069224462,6,923.8350415346772
True Religion Women's Julie Super T Jean,153.87200032547116,6,923.232001952827
ANSAI  Men'S Mobile Warming Golf Softshell Vest,92.3199999332428,10,923.199999332428
Diesel Men's Weroker Jacket,153.82079439384938,6,922.9247663630963
AG Adriano Goldschmied Women's Skinny Fit Legging Jean,70.93751261710166,13,922.18766402232154
EARNEST SEWN DENIM Men's Fulton Slim Fit Jean,131.70500036329031,7,921.93500254303217
Kate Spade New York Carlisle Street-Lacey  Wallet,115.23600044846535,8,921.88800358772278
G-Star Men's Attacc Low Straight Jean,102.3000001721084,9,920.70000154897559
Marmot Athena Jacket - Women's,153.39999996125698,6,920.39999976754189
MAXSTUDIO TAILORED JACKET,131.47199942171574,7,920.30399595201015
AK Anne Klein Women's Plus Size Lurex Tweed Jacket,131.33999928832054,7,919.37999501824379
True Religion Men's Ricky Overdye Jean,114.91999994963408,8,919.3599995970726
Cashmere Sport Coat for Men,114.73900046944618,8,917.91200375556946
Icebreaker Men's Quantum Hood,131.09430277125614,7,917.660119398793
Mountain Hardwear Men's Melbu Stripe Sweater,61.079999953508384,15,916.19999930262577
Diesel Men's K-Kamea Sweater,101.75508287098829,9,915.79574583889462
Women's Cashmere Cardigan Twin Sweater Set,83.157000007107854,11,914.72700007818639
True Religion Women's Serena Glitter Coated Jean,101.5200001001358,9,913.68000090122223
Juicy Couture Maternity : Velour Pants - Top Hat,60.899999737739563,15,913.49999606609344
True Religion Men's Rocco Skinny Jean,91.278000209480524,10,912.78000209480524
True Religion Women's Joey Flare Jean,101.28500040620565,9,911.56500365585089
Pendleton Women's Petite Suit Jacket,130.18799968063831,7,911.31599776446819
Louis Raphael Men's Side Vent Flat Front Suit,113.79431352494153,8,910.35450819953223
Parker Women's Cap Sleeve Beaded Dress,181.98400032520294,5,909.92000162601471
Barbour Bedale Wax Cotton Jacket Olive,227.399999152869,4,909.599996611476
Diesel Men's Darron Slim Taper Denim Pant,101.01000021211804,9,909.09000190906238
DKNY Mens 2 Button Flat Front Solid Black Slim Fit Wool Suit,129.79351360678467,7,908.55459524749267
7 For All Mankind Men's The Standard Classics Straight Leg Corduroy,100.92599996551871,9,908.33399968966842
Mantoni 2 Button Men's Suit Solid Black 100% Wool,129.74909826418158,7,908.243687849271
AG Adriano Goldschmied Men's Hero Relaxed Fit Jean,82.532000221312046,11,907.85200243443251
AG Adriano Goldschmied Women's Ballad Slim Bootcut Jean,82.388000048697,11,906.26800053566694
Becca by Rebecca Virtue Colorized One Piece Bandeau Swimdress,75.519999742507935,12,906.23999691009521
Natori Women's Jersey Caftan,75.4799997061491,12,905.75999647378922
Karla Colletto Gold Trim Tank Dress,181.15199911594391,5,905.75999557971954
Mod-O-Doc Men's Slub French Terry Modern Knit Blazer,100.48000037670135,9,904.32000339031219
Zimmerli/Gran Sasso ExtraFine Merino Wool Sleeveless V-Neck Sweater,82.034948449949937,11,902.38443294944932
Fred Perry Men's Twill Blazer,112.45500030275436,8,899.64000242203485
Nasty Pig SP*NK Jean,74.947948909952487,12,899.37538691942984
AG Adriano Goldschmied Men's Protege Straight Leg Corduroy Pant,89.935999989509583,10,899.35999989509583
Rebecca Minkoff Women's Becky Jacket,128.44734375152348,7,899.13140626066433
MontBell Ultralight Down Jacket - Men's,89.907999627292156,10,899.07999627292156
Mountain Hardwear Women's Downtown Coat,179.69999983906746,5,898.4999991953373
Eddie Bauer First Ascent Heyburn 2.0 Pants,128.33399982377887,7,898.33799876645207
Orvis Dress Chinos / Pleated Front Dark Olive Cuffed,112.2659999616444,8,898.12799969315518
Plenty by Tracy Reese Women's Ponte Blazer,179.58799940347672,5,897.93999701738358
Gypsy 05 Women's Alli Fold Over Top,64.129999918863177,14,897.81999886408448
Fred Perry Men's Light Weight Wadded Gilet,99.749999716877937,9,897.74999745190144
Agave Men's Waterman Relaxed Soft Jean,89.725000062026083,10,897.25000062026083
True Religion Men's Ricky Straight Leg Jean,81.488000079989433,11,896.36800087988377
Seafolly Women's Goddess Twist Bandeau Halter Singlet,68.928999781608582,13,896.07699716091156
Moods of Norway Men's Casper Melange Contrast Button Cardigan,74.64900000707712,12,895.78800008492544
Diesel Jean Thavar 8W7,89.489402522048323,10,894.89402522048317
Pendleton The Portland Collection Women's Ram's Horn Knit Crew Neck Sweater,149.0624076588565,6,894.374445953139
Jax Women's Lace Dress With Cap Sleeve,81.212000362575054,11,893.3320039883256
Citizens Of Humanity Sid Straight Leg Jean,89.298000253736959,10,892.98000253736961
Magic Suit Women's Goddess One Piece Swimwear,99.143999956548214,9,892.29599960893393
7 For All Mankind Men's Austyn Relaxed Straight Leg Jean in Perfectly Worn,89.178000029176474,10,891.78000029176474
Zimmerli/Gran Sasso ExtraFine Merino Wool V-Neck Sweater,99.083498257208589,9,891.7514843148773
Port Authority J780 Leather Bomber Jacket,178.249999480322,5,891.24999740161
Men's Superior 150's Single Breasted One Button Brown Vested Dress Suit with Wide Leg Pants,74.2014485595256,12,890.41738271430722
Hudson Men's Lou Tuxedo Straight Leg Jean,89.0340001899749,10,890.340001899749
Calvin Klein Sportswear Men's Extreme Slim Fit Jacket,111.27600053697826,8,890.20800429582607
Alpha N-2B Short Waist Parka,88.937999792397022,10,889.37999792397022
Weston Wear Women's Lynda Dress,88.935000132769346,10,889.35000132769346
Nautica Men's Suit Separate Jacket Charcoal,74.094303411968809,12,889.13164094362571
Parker Women's Beaded Shift Dress,222.15600027143955,4,888.62400108575821
Paul Fredrick Twill Weave Two-Button Suit Jacket,126.87100035324691,7,888.09700247272838
Kenneth Cole Women's Leather Scuba Jacket,98.629749489795415,9,887.66774540815868
Laundry by Shelli Segal Capri Eyelet Tunic,98.611999586224556,9,887.507996276021
DL1961 Men's Vince Straight Jean,80.640000075101852,11,887.04000082612038
Columbia Men's Shelby's Softshell,73.834322995180543,12,886.01187594216651
Sean John Mens 3 Button Steel Gray Suit,126.49425340442737,7,885.45977383099159
Paul Fredrick 100% Wool Two-Button Plaid Sportcoat,126.43200028128922,7,885.02400196902454
Derek Rose Men's Lightweight Flannel Classic Pajama Set,176.82500081136823,5,884.12500405684114
Oakley Pit Bull Sunglasses,98.200000077486038,9,883.80000069737434
G-Star Men's Arc 3D Loose Tapered Jean,110.400000102818,8,883.200000822544
Jet Lag Men's Donald Long Cargo Pants,88.319999873638153,10,883.19999873638153
WHAT GOES AROUND COMES AROUND Women's Bennet Jacket,147.15899953991175,6,882.95399723947048
Cole Haan Women's Taffeta Down Coat,146.90434122894317,6,881.426047373659
FactoryExtreme Neptune Men's Black Biker Leather Jacket,125.86265794798371,7,881.03860563588592
Robert Graham Men's Freeboard,109.88000053912401,8,879.0400043129921
Ray-Ban Aviator 112/69 Aviator SunglassesMatte Gold58 mm,87.870698370314386,10,878.70698370314381
Oakley Men's Straight Jacket Iridium Polarized Sunglasses,109.82000030577183,8,878.56000244617462
Irish Setter Men's Deer Camp Jacket,87.774682558498967,10,877.74682558498967
Earnest Sewn Men's Fulton Twill Pant,97.4750000052154,9,877.27500004693866
Trina Turk Women's Pasha Pant,125.2800001502037,7,876.96000105142593
Sierra Designs Women's Gnar Hoody,125.21768605418265,7,876.52380237927855
SeV Transformer Jacket,87.519999742507935,10,875.19999742507935
True Religion Men's Joey Super T,124.74501270011233,7,873.21508890078633
Hudson Men's Sartor Slouchy Skinny Jean,87.120000265538678,10,871.20000265538681
Momo Maternity Women's Wool Blend 'Lauren' Belted Coat with Hood,96.783999413251877,9,871.05599471926689
Ben Sherman Men's Plectrum Tuxedo Blazer,174.05000050552189,5,870.25000252760947
Sam & Lavi Women's Danica Lace Metallic Jacket,108.7809996251017,8,870.2479970008136
PUMA Men's Ducati Hooded Sweat Jacket,66.935191941974153,13,870.157495245664
Bali Women's One Smooth U-back Underwire,145.00280297468305,6,870.0168178480983
Columbia Men's Half Life Reversible Ii Jacket,86.9999997317791,10,869.999997317791
Joe's Jeans Men's Kieran Brixton Jean,72.358000164851546,12,868.29600197821856
Champion - 9.7 oz. 90/10 Cotton Max Sweatpants,62.0059998035431,14,868.08399724960339
Icebreaker Men's Carve Zip Sweater,108.47548238277855,8,867.80385906222841
Diesel Men's Viker Regular/Slim Straight Leg Washed Jean,96.348000202327967,9,867.1320018209517
Karla Colletto Grommets One Piece Plunge,144.47999965399504,6,866.87999792397022
LINCS DC &Co Men's Double Knit Blazer,173.36550060566515,5,866.82750302832574
Barbour Liddesdale Jacket,108.29500008001924,8,866.36000064015388
Austin Reed Men's Suit Separate Classic Coat,123.75089554672913,7,866.2562688271039
True Religion Men's Ricky Straight Leg Jean,123.55200015194714,7,864.86400106363
Paul Fredrick Twill Weave Double-Breasted Suit Jacket,123.35900059528647,7,863.51300416700531
Paul Fredrick 100% Wool Double-Breasted Peak Lapel Houndstooth Suit,215.7120004799217,4,862.84800191968679
Letarte Womens Popcorn Embroidered Sleeveless Tunic,143.75199962407351,6,862.511997744441
Amanda Uprichard Women's Neulla Dress,107.6767970605612,8,861.41437648448959
Paige Maternity Jeans : Union Laurel Canyon - Renaissance,107.66999976150692,8,861.35999809205532
Calvin Klein Jeans Men's Distressed Denim Moto Jacket,86.129999857395887,10,861.29999857395887
Joseph Abboud Mens Gray Herringbone Wool Sport Coat Jacket,107.60367370008112,8,860.82938960064894
Carhartt Men's Flame Resistant Midweight Active Jacket,143.22134798317546,6,859.32808789905278
True Religion Brand Jeans Men's Bobby C/O Straight Cut Off Jean Shorts,78.1048806446771,11,859.15368709144809
Reebok Women's Princess Of The Sea Tank,65.99999975413084,13,857.99999680370092
Performance Glen Plaid Double-Breasted Sportcoat,122.2615000065416,7,855.83050004579115
True Religion Men's Ricky Super T Straight Jean,142.59300019964576,6,855.55800119787455
Members Only Mens Pu Bomber,77.77799998223783,11,855.55799980461609
Ray-Ban Aviator Sunglasses,77.641372441138259,11,854.05509685252082
Diesel Men's Darron-A Trousers,85.32216239332422,10,853.2216239332422
Gottex Linea One Piece Halter,106.62199957296252,8,852.97599658370018
Madison Marcus Women's Magnetic Woven Lace Blouse,106.55400016531348,8,852.43200132250786
Arc'teryx Atom LT Jacket - Women's,121.76400017458946,7,852.34800122212619
Jones New York Women's Stand Collar Jacket,85.119302230530224,10,851.19302230530229
Joe's Jeans Men's Brixton Jean,94.5,9,850.5
Marc New York by Andrew Marc Men's Boston Rugged Lambskin Moto Jacket,170.09432412539061,5,850.471620626953
Kenneth Cole Men's End On End Zip Blazer,106.12000045180322,8,848.96000361442577
United Face Womens Hooded Reversible Fur Leather Bomber Jacket,121.10700016887859,7,847.7490011821501
Harley-DavidsonÂ® Men's Bomber Jacket. 100% Cotton Twill. 97500-12VM,84.773498275313514,10,847.73498275313511
Craghoppers Men's Field Gore-Tex Jacket,141.2499996367842,6,847.49999782070518
Tracy Reese Women's Contrast Frock Dress,211.7520005106926,4,847.00800204277039
Citizens of Humanity Sid Straight Leg Jean in Nigel,105.75399981625378,8,846.03199853003025
Jones New York Women's Classic Tuxedo Jacket,140.83499941136688,6,845.00999646820128
Scotch & Soda Men's Tweed Blazer,140.75000025331974,6,844.50000151991844
Organic Cotton Grand Velour + Terry Men's Robes,93.624000504612923,9,842.6160045415163
Gucci 3164 sunglasses,105.30309774138554,8,842.42478193108434
Oakley Men's Tightrope Metal Sunglasses,84.240000247955322,10,842.40000247955322
FactoryExtreme Suburban Leap Dark Men's Brown Leather Blazer,140.28125778407389,6,841.68754670444332
Knoles&Carter Leather Bomber Jacket with Zip Out Hood,120.19399325967048,7,841.35795281769333
What Katie Did L6051 Morticia Corset,120.1750002335757,7,841.22500163502991
Zero Restriction Men's Featherweight Pant Rain Pant,93.434162952319866,9,840.9074665708788
Tommy Bahama Terry Loop Embroidered Robe,70.035000136122108,12,840.42000163346529
Siwy Denim Madeleine,93.329999782145023,9,839.96999803930521
Vince Camuto Women's Zip Sleeve Open Front Blazer,104.82499958015978,8,838.59999664127827
Eyeglasses Boss Black Boss 0479 0807 Black,69.88275012653321,12,838.59300151839852
Oakley Men's Flak Jacket XLJ Golf Sunglasses,83.85000005364418,10,838.5000005364418
True Religion Women's Joey Lonestar Shorts,93.099999926984324,9,837.89999934285891
Joie Women's Peterson Blouse,92.97600032389164,9,836.78400291502476
D.E.P.T. Women's Fabulous Coat,104.50649984367192,8,836.05199874937534
Robbi & Nikki Women's Blocked Ponte Legging,69.614999424666166,12,835.379993095994
Columbia Men's Tall Rare Earth Interchange Jacket,104.3738983831465,8,834.991187065172
Robert Graham Men's Daly Regular Cuffs,83.472000287845717,10,834.72000287845719
Hanro Men's Plaza Robe,166.88000036403537,5,834.40000182017684
Icebreaker Men's Quattro Hood,119.06433268280895,7,833.45032877966264
Diesel Men's Thanaz Skinny Jean,104.16000053286552,8,833.28000426292419
Rich & Skinny Women's Legacy Leather Look Jean,75.680000275373459,11,832.480003029108
Diesel - Mens Larkee 008QM Jeans,92.314999969676137,9,830.83499972708523
Mountain Hardwear Women's Ghost Whisperer Down Jacket,166.15500016137958,5,830.77500080689788
Plus Size 3/4 Sleeved Scalloped Boudoir Lace Dress,92.272000409662724,9,830.44800368696451
Jax Women's Foil Dress,92.272000409662724,9,830.44800368696451
Men's Cashmere Cardigan,82.997999981045723,10,829.97999981045723
Mountain Hardwear Men's Compressor Jacket,103.59999984502792,8,828.79999876022339
Ali Ro Women's Short Sleeve Sequin Dress,92.080796825793385,9,828.72717143214049
Smartwool Men's Midweight Funnel Zip,92.069298135158419,9,828.62368321642577
Parker Women's Leather Jacket,82.851157497894178,10,828.51157497894178
Calvin Klein Men's Traditional Coat,103.47999991104008,8,827.83999928832066
Ramonti Mens Brown B-3 Leather Bomber Jacket,118.25999980419874,7,827.81999862939119
Joseph Abboud Men's 2 Button Side Vent Soft Construction Check Sport Coat,165.42900000885129,5,827.14500004425645
Carhartt Women's Womens Alpine Jacket,91.877148458708447,9,826.894336128376
Ranch Vest,82.689000338315964,10,826.89000338315964
Lightweight Highland Tweed Sport Coat / Regular,206.69999998062849,4,826.799999922514
American Essentials Men's Premium Woven Terry-Lined Robe,103.25000029988587,8,826.000002399087
BALLIN Men's Super 120's Gaberdine Manchester Pant,103.07499961927533,8,824.59999695420265
Seattle Seahawks Steve Largent Throwback Premier Blue Jersey,82.4305478980437,10,824.305478980437
Robert Graham Men's Pan Short,74.8919999152422,11,823.81199906766415
True Religion Men's Billy Super Big Jean,164.56500030588359,5,822.82500152941793
Diesel - Mens Larkee 0888B Denim Jeans,74.799999803304686,11,822.79999783635151
Rock Revival Men Jeans Tucker B10 Bootcut In Dark Blue Wash.,68.524000067263842,12,822.2880008071661
Christopher Fischer Women's 100% Cashmere Colorblock Shawl Collar Sweater,63.240000084042549,13,822.12000109255314
G-Star Men's New Radar Slim DT Jean,74.6300002001226,11,820.93000220134854
Oakley Men's Radar Path Iridium Sunglasses,102.60000038892031,8,820.80000311136246
Polo Ralph Lauren Bi-Swing Windbreaker Jacket Navy,58.624668636849066,14,820.745360915887
Miss Sixty Women's Ashley Jacket,102.54999985918403,8,820.39999887347221
Vivienne Westwood Anglomania Women's Liberty Dress,136.73100137875974,6,820.38600827255846
Kenneth Cole Men's Mercer Raincoat,68.308640347019434,12,819.70368416423321
7 For All Mankind Men's Slimmy Slim Straight Leg Jean in Los Angeles Dark,74.490598722235859,11,819.39658594459445
Kenneth Cole New York Men's Two Button Blazer,102.37800028477795,8,819.02400227822363
Ray-Ban RB 2132 822/78 New Wayfarer Blue Gradient Polarized,81.893703567228471,10,818.93703567228476
Paul Fredrick 100% Cotton Cable Double-Breasted Cardigan Sweater,81.884999896399677,10,818.84999896399677
Jones New York Men's 2 Button Solid Sport Coat,116.97000000625847,7,818.7900000438093
Joe's Jeans Men's Colored Denim Classic Fit,81.872000124305472,10,818.72000124305475
DL1961 Women's Amanda Skinny Traveling,81.830000037327409,10,818.30000037327409
Organic Black Sheep Sweater,102.24900021404029,8,817.99200171232235
7 For All Mankind Women's The Slim Illusion Skinny,81.648000240325942,10,816.48000240325939
7 For All Mankind Men's Standard Classic Straight Leg Jean,101.77200008556248,8,814.17600068449985
7 For All Mankind Men's Slimmy Slim Straight Leg Twill Jean,81.289000103250146,10,812.89000103250146
D&G Jeans,101.49884925616306,8,811.99079404930444
AG Adriano Goldschmied Men's Matchbox 5 Pocket Slim Straight Jean,90.153000167571008,9,811.37700150813907
Zambezi Twill Jacket / Regular,135.22499995306134,6,811.349999718368
Flat Front Mens Pants 100% Wool Super 150S Dark Brown,62.39999994635582,13,811.19999930262566
Diesel Men's Safado Slim Straight Leg Jean With Tonal Stitching,80.991298636571329,10,809.91298636571332
Arc'teryx Women's Beta AR Jacket,269.7999999858439,3,809.39999995753169
AG Adriano Goldschmied Men's Matchbox Perfect Slim Straight Pant,89.889999814331517,9,809.00999832898367
Ibex Women's Pez Lng Sweater,134.77499946020544,6,808.64999676123261
French Connection Women's Colour Block Wonderland Coat,115.50430249157992,7,808.53011744105947
Carhartt Men's Ketchikan Jacket,115.48959796904174,7,808.4271857832922
Zeilei Strapless Peacock Embroidery Evening Cocktail Homecoming Dress,67.337999984622,12,808.055999815464
Ray-Ban Aviator Large Metal Sunglasses,80.780000202357769,10,807.80000202357769
Oakley Men's Iridium Fuel Cell Rectangular Sunglasses,89.600000381469727,9,806.40000343322754
BCBGMAXAZRIA Women's Magde Strapless Cocktail Dress,161.2180003374815,5,806.09000168740749
Hudson Women's Signature Boot,89.496000101789846,9,805.4640009161086
Velvet Women's Farah Allover Sequin Dress,161.02800047397614,5,805.14000236988068
Kenneth Cole New York Men's Flat Front Separate Pant,80.500000156462193,10,805.00000156462193
Calvin Klein Men's Slim Fit Coat,89.424999989569187,9,804.82499990612268
Joes Jeans Womens Honey Curvey Bootcut in Quinn,80.454000156372786,10,804.54000156372786
French Connection Men's Eagle Has Landed Jacket,100.46399956941605,8,803.71199655532837
French Connection Women's Lust Sequins Dress,160.70400032401085,5,803.52000162005424
Seafolly Women's La Vita Boyleg Maillot,89.231999710202217,9,803.08799739182
Silk-blend Five-button Jacket,100.38599945604801,8,803.08799564838409
BCBGMAXAZRIA Women's Palais One Shoulder Luxe Satin,133.67200019955635,6,802.0320011973381
Robert Rodriguez Women's Tux Boyfriend Blazer,114.55874954117462,7,801.91124678822234
Gold Series Big & Tall Suit Separate Sport Coat With Jacket-Relaxer,114.45400052517653,7,801.17800367623568
J.Lindeberg Men's Troyan Reg Micro Twill Pant,72.8189999833703,11,801.00899981707335
Diesel Men's Zatiny 888B Regular Slim Micro-Bootcut Jean,80.0800001770258,10,800.800001770258
Anne Klein Women's Dress Coat,99.882000201381743,8,799.056001611054
HALSTON HERITAGE Women's Sleeveless V-Neck Faille Dress,266.31000031717122,3,798.93000095151365
Threads4Thought Men's Knit Collar Blazer,99.858000122010708,8,798.86400097608566
Hanro Men's Long Island Long Sleeve Shirt,57.011500176042318,14,798.16100246459246
Joe's Jeans Women's Honey Curvy Jean,88.605000186711564,9,797.44500168040406
G-Star Men's Skiff 5620 3D Tapered Kerr Denim,79.739999994635582,10,797.39999994635582
AK Anne Klein Women's Longsleeve Shawl Collar One Button Jacket,79.7219996417407,10,797.219996417407
Tolani Women's Maternity Ginger Dress,72.356999924406409,11,795.9269991684705
Ibex Women's Izzi Pant,99.359999895095825,8,794.8799991607666
AG Adriano Goldschmied Men's Straight Leg Chino Pant,79.48799966275692,10,794.8799966275692
Von Zipper Elmore Sunglasses,66.2234481775567,12,794.68137813068051
Wildfox Rainbow Dreamer Lennon Sweater in Eggshell,113.45400015637279,7,794.1780010946095
Ibex Men's Arlberg Vest,88.229999579489231,9,794.06999621540308
Volcom T.D.S. Pant - Men's,158.75999994575977,5,793.79999972879887
Fairway and Greene Men's Merino Quarter Zip Windvest,72.089999746531248,11,792.98999721184373
London Fog Women's Double-Breasted Belted Trench Coat,79.240000210702419,10,792.40000210702419
McGinn Women's Jen Tweed Jacket,113.15507609130265,7,792.08553263911858
Twelfth Street by Cynthia Vincent Women's Leather Placket Bell Sleeve,132.00000012293458,6,792.00000073760748
Smartwool Men's Midweight Bottom,52.795198818906393,15,791.92798228359584
Calvin Klein Men's Calvin Coat,113.03199980873615,7,791.223998661153
Diesel Men's Safado Slim Straight Leg Jean,79.092161863248961,10,790.92161863248964
True Religion Women's Stella Ponte Skinny Pant,71.810000261291876,11,789.91000287421059
Mountain Hardwear Men's Epic Jacket,87.729999800212681,9,789.56999820191413
Lacoste Men's Club Cashmere Crewneck Sweater Blue,157.84098540333326,5,789.20492701666626
MAXSTUDIO PUCKERED JACKET,131.47199942171574,6,788.83199653029442
Abercrombie & Fitch Womens Alpaca Cable Knit Sweater,71.685000183060765,11,788.53500201366842
Arc'teryx Talos Top Halfshell,112.63399992883207,7,788.43799950182449
Oakley Men's Flak Jacket XLJ Iridium Sunglasses,87.600000109523535,9,788.40000098571181
Arborwear Men's Double Thick Full Zip Sweatshirt,56.271848010794812,14,787.80587215112735
Paul Fredrick Two-Button Cotton Velvet Blazer,157.43450024537742,5,787.17250122688711
Psycho Bunny Men's Striped Crew Neck Sweater,71.549999993294477,11,787.04999992623925
Filson Whipcord Western Vest 10064DY - Dark Gray,131.15000027231872,6,786.90000163391232
COOGI Authentic Crew Sweater.,130.83000045269728,6,784.98000271618366
Men's Ed Hardy Hooded Sweat Jacket Fur Lined Tiger Rose Hoodie in Blue,98.1119998160284,8,784.89599852822721
Chaps Tropical Wool Blazer - BLACK,87.165000271983445,9,784.485002447851
Knoles & Carter Women's 7/8 4-pocket Coat,86.994203197210282,9,782.94782877489251
HALSTON HERITAGE Women's Sleeveless Ponte Pleated Dress,195.63600023207255,4,782.54400092829019
Joe's Jeans Women's Honey Bootcut Jeans,86.940000168979154,9,782.4600015208124
Joe's Jeans Men's Straight Leg Classic Fit,86.940000168979154,9,782.4600015208124
Smartwool Men's Midweight Bottom,60.164528654472221,13,782.13887250813889
Volcom Men's Vapato Chino Pant,130.353498217646,6,782.120989305876
BedHead Pajamas Women's Cashmere Robe,130.31999990344048,6,781.91999942064285
Laundry by Shelli Segal Women's One Shoulder Beaded Gown,156.32999997586012,5,781.64999987930059
J Brand 1448 The Brix in Vintage Evergreen,130.24800038337708,6,781.48800230026245
Alpha Industries Men's Ma-1 Flight Jacket,71.028999991714954,11,781.3189999088645
DOLCE & GABBANA DG4167 501/8G BLACK GRAY GRADIENT 5917,156.24900071695447,5,781.24500358477235
Trina Turk Women's Henrietta Blazer,156.17520179657936,5,780.87600898289679
Diesel Men's Shioner Skinny Straight Leg Jean,156.12800023704767,5,780.64000118523836
AG Adriano Goldschmied Men's Protege Straight Leg Jean In Tate,97.571999885141835,8,780.57599908113468
Tahari Arthur S Levine Luxe 2 Piece Skirt Suit,78.039518557827478,10,780.39518557827478
Magaschoni Women's 100% Cashmere Peplum Back Sweater,195.04799958318472,4,780.19199833273888
Prada 1M0506 Saffiano Leather Wallet Coffee,111.39699996262787,7,779.7789997383951
Calvin Klein Mens 2 Button Brown Faux Leather Sport Coat Jacket,77.97443306386441,10,779.7443306386441
Diesel Men's Safado Slim Straight Leg Normal Jean,97.320598691464482,8,778.56478953171586
Rock Revival Men Jeans George 09 Straight Fleur Flap Dark Wash,70.744000155478716,11,778.18400171026587
7 For All Mankind Men's Slimmy Slim Straight Leg Jean,77.786000151187181,10,777.86000151187181
Sutton Studio Cashmere Double Zipper Jacket Cardigan Plus,97.109500203281627,8,776.876001626253
A Pea in the Pod Collection: AG Jeans Secret Fit Belly(r) 5 Pocket Maternity Jeans,110.93999976292253,7,776.57999834045768
Joe's Jeans Mens Rebel Straight Jean,77.4880001032725,10,774.880001032725
Huntmaster Cashmere Sweater,129.12000012025237,6,774.72000072151423
Miraclesuit Women's Solid Jewel Box Swimsuit,110.6559998318553,7,774.59199882298708
Women's KC and Friends Detachable Apron Romper/Jumpsuit (Maternity),55.315000070258968,14,774.41000098362554
7 For All Mankind Men's Brett Modern Bootcut Jean,77.402000095695257,10,774.02000095695257
Tasso Elba Mens 2 Button Khaki Tan Silk Wool Sport Coat Jacket,77.3935490154892,10,773.935490154892
Carhartt Men's Quilted Flannel Lined Sandstone Santa Fe Jacket,64.434628686561126,12,773.21554423873351
Men's Tactical Street Vest - American Made,77.3180001936853,10,773.18000193685293
Calvin Klein Jeans Men's Structured Military Jacket,128.76049968414009,6,772.56299810484052
BGSD Men's Open-Bottom Leather Bomber Jacket in Black Brown Stone or Distressed Tawny Brown - Regular Tall,96.554322956735561,8,772.43458365388449
G. Fiorelli 3 Button Men's Suit Shiny Charcoal with Hidden Pinstripes and Single Pleated Pants,110.3093484456852,7,772.16543911979647
Calvin Klein Men's Plaza Coat,110.24599972274156,7,771.72199805919092
True Religion Men's Bobby Vintage Jean,128.59200006723404,6,771.55200040340424
Kasper 3 Piece Eternal City Pant Suit,85.672600884353386,9,771.0534079591805
Jones New York Women's Matte Jersey Rosette Dress,70.06000005081296,11,770.66000055894256
7 Diamonds Men's Glasglow Peacoat,110.0910463301184,7,770.63732431082883
BarbourÂ® Beadnell Women's Wax Jacket - Sage,192.53200049698353,4,770.12800198793411
DKNY Mens 2 Button Dark Gray Windowpane Slim Fit Wool Sport Coat Jacket,54.994498899571582,14,769.92298459400217
G-Star Men's 3301 Loose Jean,85.47624865096995,9,769.28623785872958
Zoot Sports Unisex Adult Crx Recovery Tight,96.147999741137028,8,769.18399792909622
Buffalo by David Bitton Men's Game Basic Boot Cut Faded And Blasted Jean,54.93600027449429,14,769.10400384292006
Ray-Ban RB3293 Bubble Wrap Aviator Sunglasses,76.875000144355,10,768.75000144355
AK Anne Klein Women's Stretch Crepe 1 Button Blazer,109.80899934098125,7,768.66299538686872
Carhartt Men's Arctic-Quilt Lined Sandstone Traditional Coat,76.832548145239059,10,768.32548145239059
Jones New York Women's Plus-Size Raw Edge Jacket,109.72699948120862,7,768.08899636846036
Calvin Klein Jeans Men's Plaid Peacoat,109.72049963008612,7,768.04349741060287
Black Affair Underwire,109.71449960209431,7,768.00149721466016
Bill's Khakis Original Twill Pants - M3 Style,69.749999791383743,11,767.24999770522118
Rock Revival Men Jeans Chuck T Relaxed Straight Leg In Med. Blue Wash.,63.936000280082226,12,767.23200336098671
Armani Jeans J07 regular fit dark indigo denim jean O6J07 6E AJM0002,76.71799997612834,10,767.1799997612834
Calvin Klein Women's Houndstooth,69.664321403093936,11,766.3075354340333
Rock Revival Men Jeans Sebastian T3 Relaxed Straight Fleur Flap Dark Blue Wash,76.630000052973628,10,766.30000052973628
7 For All Mankind Men's Classic Bootcut Jean (Long Inseam) in New York Dark,76.570000136271119,10,765.70000136271119
Broken-in Moleskin Rancher's Vest / Broken-in Moleskin Rancher's Vest,95.658000137656927,8,765.26400110125542
Mountain Hardwear Women's Citilicious Coat,153.00000049173832,5,765.0000024586916
ANSAI Women's Mobile Warming Softshell Jacket,109.1945431102757,7,764.36180177192989
Addison Women's Shift Dress,95.517999868839979,8,764.14399895071983
Calvin Klein Mens 2 Button Black Faux Leather Sport Coat Jacket,84.833943544759833,9,763.50549190283846
Mountain Hardwear Women's Hunker Down Parka,127.24999990314244,6,763.4999994188546
Elie Tahari Mens 2 Button Flat Front Gray Nailhead Wool Suit,152.63364347934788,5,763.16821739673946
Polo Ralph Lauren Men's Big Pony Full Zip Navy Blue Long Sleeve Jacket,84.792444177565585,9,763.13199759809027
Icebreaker Men's Sierra Vest,76.299999859184027,10,762.99999859184027
MontBell Alpine Light Down Jacket - Men's,108.96499959751965,7,762.75499718263757
Outdoor Research Men's Transcendent Hoody,108.80999971996063,7,761.66999803972442
Joe's Jeans Men's King Rocker Slim Fit Jean,76.15600012242794,10,761.5600012242794
Pendleton Women's Petite Bettina Boiled Blazer,69.186597982803,11,761.05257781083287
Intimo Men's Classic Silk Pajama Set,95.06829856569766,8,760.54638852558128
Victorinox Men's Full Zip Sweater,76.049999934621155,10,760.49999934621155
BGSD Women's New Zealand Lambskin Leather Hooded Parka Coat with Fox Fur Trim in Black or Brown - Misses & Plus,190.07405436133831,4,760.29621744535325
Diesel Men's Thavar Skinny Straight Leg Jean,126.67800009995699,6,760.06800059974194
Oakley Men's Flak Jacket XLJ Iridium Sunglasses,84.450000151991844,9,760.0500013679266
Pendleton The Portland Collection Women's Coos Curry Cardigan,151.92058795992853,5,759.60293979964263
Paul Fredrick 100% Wool Gabardine Flat Front Pants,63.290999768301837,12,759.491997219622
Joe's Jeans Men's Dominic 37 Inch Inseam Athlete Relaxed Fit,75.896000104025,10,758.96000104025006
Ray-Ban RB3267 Square Aviator Sunglasses,58.3744389937347,13,758.86770691855111
Women's Full Length Overcoat in Pure Cashmere,252.78700045496228,3,758.36100136488687
Ibex Men's Zepher Zip Turtleneck,54.165000095963478,14,758.31000134348869
French Connection Women's Fast Anya Flower Dress,84.2139999717474,9,757.92599974572659
Joseph Abboud Men's Two-button Side Vent Sport Coat,151.27200020849705,5,756.36000104248524
7 For All Mankind Women's Bootcut Jean,75.62247958470553,10,756.22479584705525
Kate Spade New York Brightspot Avenue-Desiree  Wallet,125.92799998819828,6,755.56799992918968
G-Star Women's 5620 Ski Mix Skinny,94.4300002604723,8,755.44000208377838
Joseph Abboud Mens 2 Button Flat Front Solid Black Wool Suit,151.05418487242741,5,755.27092436213707
PAIGE Women's Skyline Ankle Peg Jean,94.311000321060419,8,754.48800256848335
Smartwool Women's PhD Smartloft Divide Full Zip,107.60000012815,7,753.20000089705
Merino/Cashmere Donegal Sweater,94.121999982045949,8,752.97599985636759
A Pea in the Pod Collection: AG Jeans Ballad Secret Fit Belly(r) Stretch Fabric Boot Cut Maternity Jeans,107.51999963074924,7,752.63999741524469
Blue Juice Women's Ivanka Coat,68.3461799383831,11,751.80797932221412
Queenshiny Long Women's Knitted Rex Rabbit Fur Vest With Raccoon Trim With Hood,107.35199999436736,7,751.46399996057153
Levi's Men's Leather Racer Jacket,150.24399324923965,5,751.21996624619828
Majestic International Men's Micro Loop Drop Needle Shawl Robe,68.288038719064588,11,751.16842590971044
Hanro Men's Manhattan Pajama Gift Set,107.28059836305081,7,750.96418854135572
Club Room Tan & Light Blue Window Pane LS 2 Button Sport Coat,107.27500030770898,7,750.92500215396285
AG Adriano Goldschmied Men's Protege Staight Leg Vintage Corduroy Pant,53.630938628462552,14,750.83314079847571
Halston Heritage Women's Long Sleeve Cable Rib Turtleneck Sweater,150.03650607495547,5,750.18253037477734
7 For All Mankind Men's Austyn Relaxed Straight Jean,83.34900028444828,9,750.14100256003451
Mammut Men's Ultimate Hoody Jacket,187.4343141359634,4,749.73725654385362
G-Star Men's Attacc Straight Vintage Jean,107.09999995306134,7,749.6999996714294
Parker Women's Beaded Shift Dress,187.26400053501129,4,749.05600214004517
Icebreaker Men's Long Sleeve Aries V-Neck Sweater,93.59999991953373,8,748.79999935626984
Countryside Cashmere Cardigan / Regular,124.65000021038576,6,747.9000012623145
Hudson Men's Webber Flap Pocket Bootcut Jean,106.79316186965643,7,747.552133087595
Oakley Women's Miss Conduct Asian Fit Sunglasses,62.29376882259502,12,747.52522587114026
Calvin Klein Women's Lux Patent Trim Coat,74.624999891966581,10,746.24999891966581
Tommy Hilfiger Men's Slim Stripe Trim Fit Suit,149.23425464247703,5,746.17127321238513
Woolrich Men's Mountain Parka,93.258999615907669,8,746.07199692726135
True Religion Men's Anthony Cargo Pant,106.402999676764,7,744.820997737348
AK Anne Klein Women's Ora Coat,82.7297996953547,9,744.5681972581923
Paige Premium Denim Men's Stone Canyon Boot Cut Jean,93.0550000909716,8,744.44000072777283
Sanctuary Clothing Women's Far East Jacket,93.050999645143747,8,744.40799716115
Carhartt Men's Waterproof Breathable Coat,93.03179808893222,8,744.25438471145776
True Religion Men's Ricky Titan Straight Jeans-Rough River,92.995352710775691,8,743.96282168620553
Sierra Designs Men's Hurricane HP Accelerator Jacket,57.193098026709251,13,743.51027434722027
7 For All Mankind Women's The Skinny Slim Fit Jean in Nouveau New York Dark,82.592000192962587,9,743.32800173666328
Seafolly Women's Seaview Tie Front Halter Maillot,92.896999707911164,8,743.17599766328931
United Face Womens New Black Zippered Lambskin Leather Bomber Jacket,61.880000168457634,12,742.56000202149164
HARVEYS Seat Belt Bag Treecycle Large Tote,82.436000004410744,9,741.92400003969669
Jones New York Women's One Button Jacket,105.78899966925383,7,740.52299768477678
7 For All Mankind Men's Ombre Plaid Blazer,246.76000041514635,3,740.280001245439
AG Adriano Goldschmied Women's Santa Fe Skinny Fit Legging Jean,105.75000015087426,7,740.2500010561198
Paul Fredrick Madras Cotton Two-Button Sportcoat,123.29100014269352,6,739.74600085616112
Carhartt FRK007 Flame-Resistant Heavyweight Zip-Front Hooded Sweatshirt,82.179448435860834,9,739.61503592274755
Carhartt Men's  Sherpa Lined Sandstone Jackson Coat,92.4510978976354,8,739.60878318108325
Kenneth Cole Men's Romeo-2 Raincoat,82.174133134788718,9,739.56719821309844
AG Adriano Goldschmied Men's Protege Straight Leg Jean In Munich,92.381999891251326,8,739.0559991300106
French Connection Women's Ribbon Knit Dress,105.55400039255619,7,738.87800274789333
True Religion Brand Men's Ricky Denim Jeans,92.19077824197079,8,737.52622593576632
Ramonti Womens B-3 Leather Aviator Fur Bomber Jacket,122.8590001501143,6,737.15400090068579
Earnest Sewn Men's Fulton Classic Straight Leg Jean,81.899999985471354,9,737.0999998692422
Jack Spade Men's Morandi Cardigan,73.709999936632812,10,737.09999936632812
Perry Ellis Men's Lamb Zip Front Side Elastic Waist Jacket,122.81466250153275,6,736.88797500919645
Jones New York Women's Shift Dress,81.871000215411186,9,736.83900193870068
Diesel Men's Larkee Relaxed Straight Leg Jean,91.9960000552237,8,735.96800044178963
Affliction Women Skinny Jeans Raquel Sequin Fleur De Lis Back Pockets in Tarnish Wash Stretch.,61.250000027939677,12,735.00000033527613
Ray-Ban Original Wayfarer Square Sunglasses,66.815999984741211,11,734.97599983215332
Joe's Jeans Men's Classic Benny Straight Leg Jean,66.792000152170658,11,734.71200167387724
Helly Hansen Crew Midlayer Jacket,81.599999666213989,9,734.3999969959259
Ray-Ban RB3136 Caravan Sunglasses,73.3200003951788,10,733.200003951788
MICHAEL Michael Kors Women's Belted Safari Jacket,122.17500011902304,6,733.05000071413826
Oakley Men's GasCan Polarized Sunglasses,81.383278476597084,9,732.44950628937374
Eddie Bauer Classic Stretch Suiting Blazer - Solid,104.60729787067771,7,732.251085094744
Mountain Hardwear Women's Monkey Woman Jacket,91.519999653100967,8,732.15999722480774
The North Face Men's Gotham Jacket (Sizes S - XXL),183.03427401830004,4,732.13709607320015
True Religion Men's Ricky Snake Eyes Straight Jean,81.324000354856253,9,731.91600319370627
7 For All Mankind Women's Bootcut Jean,91.4760001958348,8,731.8080015666784
Joe's Jeans Women's Curvy Jean,73.154000145383179,10,731.54000145383179
Joe's Jeans Women's Opale Sequin Jacket,121.7569994884543,6,730.54199693072576
Pendleton Women's Petite Wild Card Jacket,104.30799919366837,7,730.15599435567856
Authentic Tom Ford Sunglasses: MIRANDA TF130 available in multiple colors,121.56104860532355,6,729.36629163194129
A Pea in the Pod Collection: Joe's Jeans Cigarette Secret Fit Belly(r) 5 Pocket Skinny Leg Maternity Jeans,103.96999976946972,7,727.78999838628806
Joseph Abboud Men's Two-Button Side Vent Sport Coat,145.46400073170662,5,727.3200036585331
Armani Exchange Mixed Media Faux Shearling Trim Ja,90.887999877333627,8,727.103999018669
Billionaire Boys Club The Script Crewneck,66.029999852180481,11,726.32999837398529
The North Face Men's Small - XLarge Nuptse 2 Jacket,145.18608923950774,5,725.93044619753869
Levi's Men's Wool Melton Triple Front Closure Toggle Hoodie,80.639999806880951,9,725.75999826192856
Speedo Custom FSII Jammer,65.97799829971791,11,725.757981296897
French Connection Women's Unno Dress,120.84000027179718,6,725.04000163078308
Tommy Hilfiger Men's 2 Button Side Vent Deco Stripe Coat,120.79043732641026,6,724.74262395846154
Sean John Mens 2 Button Black Gray Red Plaid Wool Sport Coat Jacket Blazer,80.494253315020359,9,724.44827983518326
Usn Pea Coat Rev 10,80.313596393698447,9,722.822367543286
Elie Tahari Mens 2 Button Flat Front Black Pinstripe Wool Suit,144.47398368729563,5,722.3699184364782
